id,statement_text,image_path,source,metadata,created_at,archived_at,title,statement_html
71701c4b-a73d-417e-b851-bff2f94648ff,"Let \(f(n)\) be the closest integer to \(n^{1/2}\). Find the value of
\[\sum_{n=1}^{2025} \frac{1}{f(n)}.\]",null,"SRMC 2025, Prelims",{},2026-07-26 15:30:07.293303+00,null,1.1 — A simple rounding question,"Let <span><span class=""katex""><span class=""katex-mathml""><math xmlns=""http://www.w3.org/1998/Math/MathML""><semantics><mrow><mi>f</mi><mo stretchy=""false"">(</mo><mi>n</mi><mo stretchy=""false"">)</mo></mrow><annotation encoding=""application/x-tex"">f(n)</annotation></semantics></math></span><span class=""katex-html"" aria-hidden=""true""><span class=""katex-base""><span class=""katex-strut"" style=""height: 1em; vertical-align: -0.25em;""></span><span style=""margin-right: 0.1076em;"" class=""mord mathnormal"">f</span><span class=""mopen"">(</span><span class=""mord mathnormal"">n</span><span class=""mclose"">)</span></span></span></span></span> be the closest integer to <span><span class=""katex""><span class=""katex-mathml""><math xmlns=""http://www.w3.org/1998/Math/MathML""><semantics><mrow><msup><mi>n</mi><mrow><mn>1</mn><mi mathvariant=""normal"">/</mi><mn>2</mn></mrow></msup></mrow><annotation encoding=""application/x-tex"">n^{1/2}</annotation></semantics></math></span><span class=""katex-html"" aria-hidden=""true""><span class=""katex-base""><span class=""katex-strut"" style=""height: 0.888em;""></span><span class=""mord""><span class=""mord mathnormal"">n</span><span class=""msupsub""><span class=""vlist-t""><span class=""vlist-r""><span class=""vlist"" style=""height: 0.888em;""><span class="""" style=""top: -3.063em; margin-right: 0.05em;""><span class=""pstrut"" style=""height: 2.7em;""></span><span class=""katex-sizing reset-size6 size3 mtight""><span class=""mord mtight""><span class=""mord mtight"">1/2</span></span></span></span></span></span></span></span></span></span></span></span></span>. Find the value of
<span><span class=""katex-display""><span class=""katex""><span class=""katex-mathml""><math xmlns=""http://www.w3.org/1998/Math/MathML"" display=""block""><semantics><mrow><munderover><mo>∑</mo><mrow><mi>n</mi><mo>=</mo><mn>1</mn></mrow><mn>2025</mn></munderover><mfrac><mn>1</mn><mrow><mi>f</mi><mo stretchy=""false"">(</mo><mi>n</mi><mo stretchy=""false"">)</mo></mrow></mfrac><mi mathvariant=""normal"">.</mi></mrow><annotation encoding=""application/x-tex"">\sum_{n=1}^{2025} \frac{1}{f(n)}.</annotation></semantics></math></span><span class=""katex-html"" aria-hidden=""true""><span class=""katex-base""><span class=""katex-strut"" style=""height: 3.0682em; vertical-align: -1.2671em;""></span><span class=""mop op-limits""><span class=""vlist-t vlist-t2""><span class=""vlist-r""><span class=""vlist"" style=""height: 1.8011em;""><span class="""" style=""top: -1.8829em; margin-left: 0em;""><span class=""pstrut"" style=""height: 3.05em;""></span><span class=""katex-sizing reset-size6 size3 mtight""><span class=""mord mtight""><span class=""mord mathnormal mtight"">n</span><span class=""mrel mtight"">=</span><span class=""mord mtight"">1</span></span></span></span><span class="""" style=""top: -3.05em;""><span class=""pstrut"" style=""height: 3.05em;""></span><span class=""""><span class=""mop op-symbol large-op"">∑</span></span></span><span class="""" style=""top: -4.3em; margin-left: 0em;""><span class=""pstrut"" style=""height: 3.05em;""></span><span class=""katex-sizing reset-size6 size3 mtight""><span class=""mord mtight""><span class=""mord mtight"">2025</span></span></span></span></span><span class=""vlist-s"">​</span></span><span class=""vlist-r""><span class=""vlist"" style=""height: 1.2671em;""><span class=""""></span></span></span></span></span><span class=""mspace"" style=""margin-right: 0.1667em;""></span><span class=""mord""><span class=""mopen nulldelimiter""></span><span class=""mfrac""><span class=""vlist-t vlist-t2""><span class=""vlist-r""><span class=""vlist"" style=""height: 1.3214em;""><span class="""" style=""top: -2.314em;""><span class=""pstrut"" style=""height: 3em;""></span><span class=""mord""><span style=""margin-right: 0.1076em;"" class=""mord mathnormal"">f</span><span class=""mopen"">(</span><span class=""mord mathnormal"">n</span><span class=""mclose"">)</span></span></span><span class="""" style=""top: -3.23em;""><span class=""pstrut"" style=""height: 3em;""></span><span class=""frac-line"" style=""border-bottom-width: 0.04em;""></span></span><span class="""" style=""top: -3.677em;""><span class=""pstrut"" style=""height: 3em;""></span><span class=""mord""><span class=""mord"">1</span></span></span></span><span class=""vlist-s"">​</span></span><span class=""vlist-r""><span class=""vlist"" style=""height: 0.936em;""><span class=""""></span></span></span></span></span><span class=""mclose nulldelimiter""></span></span><span class=""mord"">.</span></span></span></span></span></span>"
614930fe-9b37-472a-a740-774fb8db7c8e,"Consider the infinite sequence:
\[S = 1\ 2\ 2\ 3\ 3\ 3\ 4\ 4\ 4\ 4\ 5\ 5\ 5\ 5\ 5\ 6\ 6\ 6\ 6\ 6\ 6\ \ldots\]
in which each natural number \(n\) appears exactly \(n\) times when written in ascending order as shown above (note that when \(n = 10\), 1 and 0 are considered two separate digits in the sequence when written down).<br><br>Let \(N\) be the product of all the non-zero digits that occur between the 10,000th and the 11,071st digit (inclusive) of the sequence.<br><br>Compute: \[\log_6 N\]",null,"SRMC 2025, Prelims",{},2026-07-26 15:30:07.342664+00,null,1.2 — Patten,"Consider the infinite sequence:
<span><span class=""katex-display""><span class=""katex""><span class=""katex-mathml""><math xmlns=""http://www.w3.org/1998/Math/MathML"" display=""block""><semantics><mrow><mi>S</mi><mo>=</mo><mn>1</mn><mtext>&nbsp;</mtext><mn>2</mn><mtext>&nbsp;</mtext><mn>2</mn><mtext>&nbsp;</mtext><mn>3</mn><mtext>&nbsp;</mtext><mn>3</mn><mtext>&nbsp;</mtext><mn>3</mn><mtext>&nbsp;</mtext><mn>4</mn><mtext>&nbsp;</mtext><mn>4</mn><mtext>&nbsp;</mtext><mn>4</mn><mtext>&nbsp;</mtext><mn>4</mn><mtext>&nbsp;</mtext><mn>5</mn><mtext>&nbsp;</mtext><mn>5</mn><mtext>&nbsp;</mtext><mn>5</mn><mtext>&nbsp;</mtext><mn>5</mn><mtext>&nbsp;</mtext><mn>5</mn><mtext>&nbsp;</mtext><mn>6</mn><mtext>&nbsp;</mtext><mn>6</mn><mtext>&nbsp;</mtext><mn>6</mn><mtext>&nbsp;</mtext><mn>6</mn><mtext>&nbsp;</mtext><mn>6</mn><mtext>&nbsp;</mtext><mn>6</mn><mtext>&nbsp;</mtext><mo>…</mo></mrow><annotation encoding=""application/x-tex"">S = 1\ 2\ 2\ 3\ 3\ 3\ 4\ 4\ 4\ 4\ 5\ 5\ 5\ 5\ 5\ 6\ 6\ 6\ 6\ 6\ 6\ \ldots</annotation></semantics></math></span><span class=""katex-html"" aria-hidden=""true""><span class=""katex-base""><span class=""katex-strut"" style=""height: 0.6833em;""></span><span style=""margin-right: 0.0576em;"" class=""mord mathnormal"">S</span><span class=""mspace"" style=""margin-right: 0.2778em;""></span><span class=""mrel"">=</span><span class=""mspace"" style=""margin-right: 0.2778em;""></span></span><span class=""katex-base""><span class=""katex-strut"" style=""height: 0.6444em;""></span><span class=""mord"">1</span><span class=""mspace"">&nbsp;</span><span class=""mord"">2</span><span class=""mspace"">&nbsp;</span><span class=""mord"">2</span><span class=""mspace"">&nbsp;</span><span class=""mord"">3</span><span class=""mspace"">&nbsp;</span><span class=""mord"">3</span><span class=""mspace"">&nbsp;</span><span class=""mord"">3</span><span class=""mspace"">&nbsp;</span><span class=""mord"">4</span><span class=""mspace"">&nbsp;</span><span class=""mord"">4</span><span class=""mspace"">&nbsp;</span><span class=""mord"">4</span><span class=""mspace"">&nbsp;</span><span class=""mord"">4</span><span class=""mspace"">&nbsp;</span><span class=""mord"">5</span><span class=""mspace"">&nbsp;</span><span class=""mord"">5</span><span class=""mspace"">&nbsp;</span><span class=""mord"">5</span><span class=""mspace"">&nbsp;</span><span class=""mord"">5</span><span class=""mspace"">&nbsp;</span><span class=""mord"">5</span><span class=""mspace"">&nbsp;</span><span class=""mord"">6</span><span class=""mspace"">&nbsp;</span><span class=""mord"">6</span><span class=""mspace"">&nbsp;</span><span class=""mord"">6</span><span class=""mspace"">&nbsp;</span><span class=""mord"">6</span><span class=""mspace"">&nbsp;</span><span class=""mord"">6</span><span class=""mspace"">&nbsp;</span><span class=""mord"">6</span><span class=""mspace"">&nbsp;</span><span class=""mspace"" style=""margin-right: 0.1667em;""></span><span class=""minner"">…</span></span></span></span></span></span>
in which each natural number <span><span class=""katex""><span class=""katex-mathml""><math xmlns=""http://www.w3.org/1998/Math/MathML""><semantics><mrow><mi>n</mi></mrow><annotation encoding=""application/x-tex"">n</annotation></semantics></math></span><span class=""katex-html"" aria-hidden=""true""><span class=""katex-base""><span class=""katex-strut"" style=""height: 0.4306em;""></span><span class=""mord mathnormal"">n</span></span></span></span></span> appears exactly <span><span class=""katex""><span class=""katex-mathml""><math xmlns=""http://www.w3.org/1998/Math/MathML""><semantics><mrow><mi>n</mi></mrow><annotation encoding=""application/x-tex"">n</annotation></semantics></math></span><span class=""katex-html"" aria-hidden=""true""><span class=""katex-base""><span class=""katex-strut"" style=""height: 0.4306em;""></span><span class=""mord mathnormal"">n</span></span></span></span></span> times when written in ascending order as shown above (note that when <span><span class=""katex""><span class=""katex-mathml""><math xmlns=""http://www.w3.org/1998/Math/MathML""><semantics><mrow><mi>n</mi><mo>=</mo><mn>10</mn></mrow><annotation encoding=""application/x-tex"">n = 10</annotation></semantics></math></span><span class=""katex-html"" aria-hidden=""true""><span class=""katex-base""><span class=""katex-strut"" style=""height: 0.4306em;""></span><span class=""mord mathnormal"">n</span><span class=""mspace"" style=""margin-right: 0.2778em;""></span><span class=""mrel"">=</span><span class=""mspace"" style=""margin-right: 0.2778em;""></span></span><span class=""katex-base""><span class=""katex-strut"" style=""height: 0.6444em;""></span><span class=""mord"">10</span></span></span></span></span>, 1 and 0 are considered two separate digits in the sequence when written down).<br><br>Let <span><span class=""katex""><span class=""katex-mathml""><math xmlns=""http://www.w3.org/1998/Math/MathML""><semantics><mrow><mi>N</mi></mrow><annotation encoding=""application/x-tex"">N</annotation></semantics></math></span><span class=""katex-html"" aria-hidden=""true""><span class=""katex-base""><span class=""katex-strut"" style=""height: 0.6833em;""></span><span style=""margin-right: 0.109em;"" class=""mord mathnormal"">N</span></span></span></span></span> be the product of all the non-zero digits that occur between the 10,000th and the 11,071st digit (inclusive) of the sequence.<br><br>Compute: <span><span class=""katex-display""><span class=""katex""><span class=""katex-mathml""><math xmlns=""http://www.w3.org/1998/Math/MathML"" display=""block""><semantics><mrow><msub><mrow><mi>log</mi><mo>⁡</mo></mrow><mn>6</mn></msub><mi>N</mi></mrow><annotation encoding=""application/x-tex"">\log_6 N</annotation></semantics></math></span><span class=""katex-html"" aria-hidden=""true""><span class=""katex-base""><span class=""katex-strut"" style=""height: 0.9386em; vertical-align: -0.2441em;""></span><span class=""mop""><span class=""mop"">lo<span style=""margin-right: 0.0139em;"">g</span></span><span class=""msupsub""><span class=""vlist-t vlist-t2""><span class=""vlist-r""><span class=""vlist"" style=""height: 0.207em;""><span class="""" style=""top: -2.4559em; margin-right: 0.05em;""><span class=""pstrut"" style=""height: 2.7em;""></span><span class=""katex-sizing reset-size6 size3 mtight""><span class=""mord mtight"">6</span></span></span></span><span class=""vlist-s"">​</span></span><span class=""vlist-r""><span class=""vlist"" style=""height: 0.2441em;""><span class=""""></span></span></span></span></span></span><span class=""mspace"" style=""margin-right: 0.1667em;""></span><span style=""margin-right: 0.109em;"" class=""mord mathnormal"">N</span></span></span></span></span></span>"
282206f3-6a16-4934-bb76-3c79d4f0a1fa,"Pratyaksh is standing on an arbitrary point on the lines (walls) of the hexagonal setup given below.<br><br>[FIGURE — hexagonal grid, needs image_path]<br><br>Takeshi and his team of \(n\) guards (also starting from an arbitrary position) is trying to catch him. Takeshi and his guards can move as fast as Pratyaksh. Find the minimum number of guards (excluding Takeshi himself) needed.",null,"SRMC 2025, Prelims",{},2026-07-26 15:30:07.394833+00,null,1.3 — Takeshi's Castle,"Pratyaksh is standing on an arbitrary point on the lines (walls) of the hexagonal setup given below.<br><br>[FIGURE — hexagonal grid, needs image_path]<br><br>Takeshi and his team of <span><span class=""katex""><span class=""katex-mathml""><math xmlns=""http://www.w3.org/1998/Math/MathML""><semantics><mrow><mi>n</mi></mrow><annotation encoding=""application/x-tex"">n</annotation></semantics></math></span><span class=""katex-html"" aria-hidden=""true""><span class=""katex-base""><span class=""katex-strut"" style=""height: 0.4306em;""></span><span class=""mord mathnormal"">n</span></span></span></span></span> guards (also starting from an arbitrary position) is trying to catch him. Takeshi and his guards can move as fast as Pratyaksh. Find the minimum number of guards (excluding Takeshi himself) needed."
71c7f929-e5bc-4e9c-812a-9d8e87b79435,"\(A, B, C, D, E\) are five points on a circle with \(AB \times AD = 56\) and \(AC \times AE = 90\). If \(BCDE\) is a square, find its area.",null,"SRMC 2025, Prelims",{},2026-07-26 15:30:07.432382+00,null,1.4 — Square in a Circle,"<span><span class=""katex""><span class=""katex-mathml""><math xmlns=""http://www.w3.org/1998/Math/MathML""><semantics><mrow><mi>A</mi><mo separator=""true"">,</mo><mi>B</mi><mo separator=""true"">,</mo><mi>C</mi><mo separator=""true"">,</mo><mi>D</mi><mo separator=""true"">,</mo><mi>E</mi></mrow><annotation encoding=""application/x-tex"">A, B, C, D, E</annotation></semantics></math></span><span class=""katex-html"" aria-hidden=""true""><span class=""katex-base""><span class=""katex-strut"" style=""height: 0.8778em; vertical-align: -0.1944em;""></span><span class=""mord mathnormal"">A</span><span class=""mpunct"">,</span><span class=""mspace"" style=""margin-right: 0.1667em;""></span><span style=""margin-right: 0.0502em;"" class=""mord mathnormal"">B</span><span class=""mpunct"">,</span><span class=""mspace"" style=""margin-right: 0.1667em;""></span><span style=""margin-right: 0.0715em;"" class=""mord mathnormal"">C</span><span class=""mpunct"">,</span><span class=""mspace"" style=""margin-right: 0.1667em;""></span><span style=""margin-right: 0.0278em;"" class=""mord mathnormal"">D</span><span class=""mpunct"">,</span><span class=""mspace"" style=""margin-right: 0.1667em;""></span><span style=""margin-right: 0.0576em;"" class=""mord mathnormal"">E</span></span></span></span></span> are five points on a circle with <span><span class=""katex""><span class=""katex-mathml""><math xmlns=""http://www.w3.org/1998/Math/MathML""><semantics><mrow><mi>A</mi><mi>B</mi><mo>×</mo><mi>A</mi><mi>D</mi><mo>=</mo><mn>56</mn></mrow><annotation encoding=""application/x-tex"">AB \times AD = 56</annotation></semantics></math></span><span class=""katex-html"" aria-hidden=""true""><span class=""katex-base""><span class=""katex-strut"" style=""height: 0.7667em; vertical-align: -0.0833em;""></span><span class=""mord mathnormal"">A</span><span style=""margin-right: 0.0502em;"" class=""mord mathnormal"">B</span><span class=""mspace"" style=""margin-right: 0.2222em;""></span><span class=""mbin"">×</span><span class=""mspace"" style=""margin-right: 0.2222em;""></span></span><span class=""katex-base""><span class=""katex-strut"" style=""height: 0.6833em;""></span><span class=""mord mathnormal"">A</span><span style=""margin-right: 0.0278em;"" class=""mord mathnormal"">D</span><span class=""mspace"" style=""margin-right: 0.2778em;""></span><span class=""mrel"">=</span><span class=""mspace"" style=""margin-right: 0.2778em;""></span></span><span class=""katex-base""><span class=""katex-strut"" style=""height: 0.6444em;""></span><span class=""mord"">56</span></span></span></span></span> and <span><span class=""katex""><span class=""katex-mathml""><math xmlns=""http://www.w3.org/1998/Math/MathML""><semantics><mrow><mi>A</mi><mi>C</mi><mo>×</mo><mi>A</mi><mi>E</mi><mo>=</mo><mn>90</mn></mrow><annotation encoding=""application/x-tex"">AC \times AE = 90</annotation></semantics></math></span><span class=""katex-html"" aria-hidden=""true""><span class=""katex-base""><span class=""katex-strut"" style=""height: 0.7667em; vertical-align: -0.0833em;""></span><span class=""mord mathnormal"">A</span><span style=""margin-right: 0.0715em;"" class=""mord mathnormal"">C</span><span class=""mspace"" style=""margin-right: 0.2222em;""></span><span class=""mbin"">×</span><span class=""mspace"" style=""margin-right: 0.2222em;""></span></span><span class=""katex-base""><span class=""katex-strut"" style=""height: 0.6833em;""></span><span class=""mord mathnormal"">A</span><span style=""margin-right: 0.0576em;"" class=""mord mathnormal"">E</span><span class=""mspace"" style=""margin-right: 0.2778em;""></span><span class=""mrel"">=</span><span class=""mspace"" style=""margin-right: 0.2778em;""></span></span><span class=""katex-base""><span class=""katex-strut"" style=""height: 0.6444em;""></span><span class=""mord"">90</span></span></span></span></span>. If <span><span class=""katex""><span class=""katex-mathml""><math xmlns=""http://www.w3.org/1998/Math/MathML""><semantics><mrow><mi>B</mi><mi>C</mi><mi>D</mi><mi>E</mi></mrow><annotation encoding=""application/x-tex"">BCDE</annotation></semantics></math></span><span class=""katex-html"" aria-hidden=""true""><span class=""katex-base""><span class=""katex-strut"" style=""height: 0.6833em;""></span><span style=""margin-right: 0.0502em;"" class=""mord mathnormal"">B</span><span style=""margin-right: 0.0715em;"" class=""mord mathnormal"">C</span><span style=""margin-right: 0.0278em;"" class=""mord mathnormal"">D</span><span style=""margin-right: 0.0576em;"" class=""mord mathnormal"">E</span></span></span></span></span> is a square, find its area."
4de3ff49-3f93-4cac-8380-49ae61c9d45c,"There is a positive integer `n' written on a board. If that number is even, it is replaced by \(\frac{n}{2}\), else it is replaced by \(n^2 - 1\). Once 0 appears on the board we terminate this series of operations. Suppose the initial number is of the form \(2^n \pm 2^m\) (\(n \ge m\) and \(n, m \in \mathbb{Z}_{\ge 0}\)). Find the number of pairs \((m, n)\) where \(0 \le m < n \le 10\) for which this sequence will terminate.",null,"SRMC 2025, Prelims",{},2026-07-26 15:30:07.490663+00,null,1.5 — Not the collatz conjecture,"There is a positive integer `n' written on a board. If that number is even, it is replaced by <span><span class=""katex""><span class=""katex-mathml""><math xmlns=""http://www.w3.org/1998/Math/MathML""><semantics><mrow><mfrac><mi>n</mi><mn>2</mn></mfrac></mrow><annotation encoding=""application/x-tex"">\frac{n}{2}</annotation></semantics></math></span><span class=""katex-html"" aria-hidden=""true""><span class=""katex-base""><span class=""katex-strut"" style=""height: 1.0404em; vertical-align: -0.345em;""></span><span class=""mord""><span class=""mopen nulldelimiter""></span><span class=""mfrac""><span class=""vlist-t vlist-t2""><span class=""vlist-r""><span class=""vlist"" style=""height: 0.6954em;""><span class="""" style=""top: -2.655em;""><span class=""pstrut"" style=""height: 3em;""></span><span class=""katex-sizing reset-size6 size3 mtight""><span class=""mord mtight""><span class=""mord mtight"">2</span></span></span></span><span class="""" style=""top: -3.23em;""><span class=""pstrut"" style=""height: 3em;""></span><span class=""frac-line"" style=""border-bottom-width: 0.04em;""></span></span><span class="""" style=""top: -3.394em;""><span class=""pstrut"" style=""height: 3em;""></span><span class=""katex-sizing reset-size6 size3 mtight""><span class=""mord mtight""><span class=""mord mathnormal mtight"">n</span></span></span></span></span><span class=""vlist-s"">​</span></span><span class=""vlist-r""><span class=""vlist"" style=""height: 0.345em;""><span class=""""></span></span></span></span></span><span class=""mclose nulldelimiter""></span></span></span></span></span></span>, else it is replaced by <span><span class=""katex""><span class=""katex-mathml""><math xmlns=""http://www.w3.org/1998/Math/MathML""><semantics><mrow><msup><mi>n</mi><mn>2</mn></msup><mo>−</mo><mn>1</mn></mrow><annotation encoding=""application/x-tex"">n^2 - 1</annotation></semantics></math></span><span class=""katex-html"" aria-hidden=""true""><span class=""katex-base""><span class=""katex-strut"" style=""height: 0.8974em; vertical-align: -0.0833em;""></span><span class=""mord""><span class=""mord mathnormal"">n</span><span class=""msupsub""><span class=""vlist-t""><span class=""vlist-r""><span class=""vlist"" style=""height: 0.8141em;""><span class="""" style=""top: -3.063em; margin-right: 0.05em;""><span class=""pstrut"" style=""height: 2.7em;""></span><span class=""katex-sizing reset-size6 size3 mtight""><span class=""mord mtight"">2</span></span></span></span></span></span></span></span><span class=""mspace"" style=""margin-right: 0.2222em;""></span><span class=""mbin"">−</span><span class=""mspace"" style=""margin-right: 0.2222em;""></span></span><span class=""katex-base""><span class=""katex-strut"" style=""height: 0.6444em;""></span><span class=""mord"">1</span></span></span></span></span>. Once 0 appears on the board we terminate this series of operations. Suppose the initial number is of the form <span><span class=""katex""><span class=""katex-mathml""><math xmlns=""http://www.w3.org/1998/Math/MathML""><semantics><mrow><msup><mn>2</mn><mi>n</mi></msup><mo>±</mo><msup><mn>2</mn><mi>m</mi></msup></mrow><annotation encoding=""application/x-tex"">2^n \pm 2^m</annotation></semantics></math></span><span class=""katex-html"" aria-hidden=""true""><span class=""katex-base""><span class=""katex-strut"" style=""height: 0.7477em; vertical-align: -0.0833em;""></span><span class=""mord""><span class=""mord"">2</span><span class=""msupsub""><span class=""vlist-t""><span class=""vlist-r""><span class=""vlist"" style=""height: 0.6644em;""><span class="""" style=""top: -3.063em; margin-right: 0.05em;""><span class=""pstrut"" style=""height: 2.7em;""></span><span class=""katex-sizing reset-size6 size3 mtight""><span class=""mord mathnormal mtight"">n</span></span></span></span></span></span></span></span><span class=""mspace"" style=""margin-right: 0.2222em;""></span><span class=""mbin"">±</span><span class=""mspace"" style=""margin-right: 0.2222em;""></span></span><span class=""katex-base""><span class=""katex-strut"" style=""height: 0.6644em;""></span><span class=""mord""><span class=""mord"">2</span><span class=""msupsub""><span class=""vlist-t""><span class=""vlist-r""><span class=""vlist"" style=""height: 0.6644em;""><span class="""" style=""top: -3.063em; margin-right: 0.05em;""><span class=""pstrut"" style=""height: 2.7em;""></span><span class=""katex-sizing reset-size6 size3 mtight""><span class=""mord mathnormal mtight"">m</span></span></span></span></span></span></span></span></span></span></span></span> (<span><span class=""katex""><span class=""katex-mathml""><math xmlns=""http://www.w3.org/1998/Math/MathML""><semantics><mrow><mi>n</mi><mo>≥</mo><mi>m</mi></mrow><annotation encoding=""application/x-tex"">n \ge m</annotation></semantics></math></span><span class=""katex-html"" aria-hidden=""true""><span class=""katex-base""><span class=""katex-strut"" style=""height: 0.7719em; vertical-align: -0.136em;""></span><span class=""mord mathnormal"">n</span><span class=""mspace"" style=""margin-right: 0.2778em;""></span><span class=""mrel"">≥</span><span class=""mspace"" style=""margin-right: 0.2778em;""></span></span><span class=""katex-base""><span class=""katex-strut"" style=""height: 0.4306em;""></span><span class=""mord mathnormal"">m</span></span></span></span></span> and <span><span class=""katex""><span class=""katex-mathml""><math xmlns=""http://www.w3.org/1998/Math/MathML""><semantics><mrow><mi>n</mi><mo separator=""true"">,</mo><mi>m</mi><mo>∈</mo><msub><mi mathvariant=""double-struck"">Z</mi><mrow><mo>≥</mo><mn>0</mn></mrow></msub></mrow><annotation encoding=""application/x-tex"">n, m \in \mathbb{Z}_{\ge 0}</annotation></semantics></math></span><span class=""katex-html"" aria-hidden=""true""><span class=""katex-base""><span class=""katex-strut"" style=""height: 0.7335em; vertical-align: -0.1944em;""></span><span class=""mord mathnormal"">n</span><span class=""mpunct"">,</span><span class=""mspace"" style=""margin-right: 0.1667em;""></span><span class=""mord mathnormal"">m</span><span class=""mspace"" style=""margin-right: 0.2778em;""></span><span class=""mrel"">∈</span><span class=""mspace"" style=""margin-right: 0.2778em;""></span></span><span class=""katex-base""><span class=""katex-strut"" style=""height: 0.9341em; vertical-align: -0.2452em;""></span><span class=""mord""><span class=""mord mathbb"">Z</span><span class=""msupsub""><span class=""vlist-t vlist-t2""><span class=""vlist-r""><span class=""vlist"" style=""height: 0.3011em;""><span class="""" style=""top: -2.55em; margin-left: 0em; margin-right: 0.05em;""><span class=""pstrut"" style=""height: 2.7em;""></span><span class=""katex-sizing reset-size6 size3 mtight""><span class=""mord mtight""><span class=""mrel mtight"">≥</span><span class=""mord mtight"">0</span></span></span></span></span><span class=""vlist-s"">​</span></span><span class=""vlist-r""><span class=""vlist"" style=""height: 0.2452em;""><span class=""""></span></span></span></span></span></span></span></span></span></span>). Find the number of pairs <span><span class=""katex""><span class=""katex-mathml""><math xmlns=""http://www.w3.org/1998/Math/MathML""><semantics><mrow><mo stretchy=""false"">(</mo><mi>m</mi><mo separator=""true"">,</mo><mi>n</mi><mo stretchy=""false"">)</mo></mrow><annotation encoding=""application/x-tex"">(m, n)</annotation></semantics></math></span><span class=""katex-html"" aria-hidden=""true""><span class=""katex-base""><span class=""katex-strut"" style=""height: 1em; vertical-align: -0.25em;""></span><span class=""mopen"">(</span><span class=""mord mathnormal"">m</span><span class=""mpunct"">,</span><span class=""mspace"" style=""margin-right: 0.1667em;""></span><span class=""mord mathnormal"">n</span><span class=""mclose"">)</span></span></span></span></span> where <span><span class=""katex""><span class=""katex-mathml""><math xmlns=""http://www.w3.org/1998/Math/MathML""><semantics><mrow><mn>0</mn><mo>≤</mo><mi>m</mi><mo>&lt;</mo><mi>n</mi><mo>≤</mo><mn>10</mn></mrow><annotation encoding=""application/x-tex"">0 \le m &lt; n \le 10</annotation></semantics></math></span><span class=""katex-html"" aria-hidden=""true""><span class=""katex-base""><span class=""katex-strut"" style=""height: 0.7804em; vertical-align: -0.136em;""></span><span class=""mord"">0</span><span class=""mspace"" style=""margin-right: 0.2778em;""></span><span class=""mrel"">≤</span><span class=""mspace"" style=""margin-right: 0.2778em;""></span></span><span class=""katex-base""><span class=""katex-strut"" style=""height: 0.5782em; vertical-align: -0.0391em;""></span><span class=""mord mathnormal"">m</span><span class=""mspace"" style=""margin-right: 0.2778em;""></span><span class=""mrel"">&lt;</span><span class=""mspace"" style=""margin-right: 0.2778em;""></span></span><span class=""katex-base""><span class=""katex-strut"" style=""height: 0.7719em; vertical-align: -0.136em;""></span><span class=""mord mathnormal"">n</span><span class=""mspace"" style=""margin-right: 0.2778em;""></span><span class=""mrel"">≤</span><span class=""mspace"" style=""margin-right: 0.2778em;""></span></span><span class=""katex-base""><span class=""katex-strut"" style=""height: 0.6444em;""></span><span class=""mord"">10</span></span></span></span></span> for which this sequence will terminate."
2ce037ae-a148-49e2-b9a4-3d19182d28de,"Rhythm constructs magic matrices where a magic matrix \(M = [a_{ij}]_{3\times 3}\) is made up of non-zero numbers such that every row and every column of the matrix sums up to 2025. If the value of \(\Delta = k_{max} - k_{min}\) (\(k_{max}\) and \(k_{min}\) are the maximum and minimum values attained by \(k\) over all the possible magic matrices he can construct) where
\[k = \sum_{i,j=1}^{3} \left( \prod_{k=1}^{3} a_{ik} - \prod_{k=1}^{3} a_{kj} \right)\]
then find the value of \(2025\Delta\).",null,"SRMC 2025, Prelims",{},2026-07-26 15:30:07.536016+00,null,1.6 — Magic Matrix,"Rhythm constructs magic matrices where a magic matrix <span><span class=""katex""><span class=""katex-mathml""><math xmlns=""http://www.w3.org/1998/Math/MathML""><semantics><mrow><mi>M</mi><mo>=</mo><mo stretchy=""false"">[</mo><msub><mi>a</mi><mrow><mi>i</mi><mi>j</mi></mrow></msub><msub><mo stretchy=""false"">]</mo><mrow><mn>3</mn><mo>×</mo><mn>3</mn></mrow></msub></mrow><annotation encoding=""application/x-tex"">M = [a_{ij}]_{3\times 3}</annotation></semantics></math></span><span class=""katex-html"" aria-hidden=""true""><span class=""katex-base""><span class=""katex-strut"" style=""height: 0.6833em;""></span><span style=""margin-right: 0.109em;"" class=""mord mathnormal"">M</span><span class=""mspace"" style=""margin-right: 0.2778em;""></span><span class=""mrel"">=</span><span class=""mspace"" style=""margin-right: 0.2778em;""></span></span><span class=""katex-base""><span class=""katex-strut"" style=""height: 1.0361em; vertical-align: -0.2861em;""></span><span class=""mopen"">[</span><span class=""mord""><span class=""mord mathnormal"">a</span><span class=""msupsub""><span class=""vlist-t vlist-t2""><span class=""vlist-r""><span class=""vlist"" style=""height: 0.3117em;""><span class="""" style=""top: -2.55em; margin-left: 0em; margin-right: 0.05em;""><span class=""pstrut"" style=""height: 2.7em;""></span><span class=""katex-sizing reset-size6 size3 mtight""><span class=""mord mtight""><span style=""margin-right: 0.0572em;"" class=""mord mathnormal mtight"">ij</span></span></span></span></span><span class=""vlist-s"">​</span></span><span class=""vlist-r""><span class=""vlist"" style=""height: 0.2861em;""><span class=""""></span></span></span></span></span></span><span class=""mclose""><span class=""mclose"">]</span><span class=""msupsub""><span class=""vlist-t vlist-t2""><span class=""vlist-r""><span class=""vlist"" style=""height: 0.3011em;""><span class="""" style=""top: -2.55em; margin-left: 0em; margin-right: 0.05em;""><span class=""pstrut"" style=""height: 2.7em;""></span><span class=""katex-sizing reset-size6 size3 mtight""><span class=""mord mtight""><span class=""mord mtight"">3</span><span class=""mbin mtight"">×</span><span class=""mord mtight"">3</span></span></span></span></span><span class=""vlist-s"">​</span></span><span class=""vlist-r""><span class=""vlist"" style=""height: 0.2083em;""><span class=""""></span></span></span></span></span></span></span></span></span></span> is made up of non-zero numbers such that every row and every column of the matrix sums up to 2025. If the value of <span><span class=""katex""><span class=""katex-mathml""><math xmlns=""http://www.w3.org/1998/Math/MathML""><semantics><mrow><mi mathvariant=""normal"">Δ</mi><mo>=</mo><msub><mi>k</mi><mrow><mi>m</mi><mi>a</mi><mi>x</mi></mrow></msub><mo>−</mo><msub><mi>k</mi><mrow><mi>m</mi><mi>i</mi><mi>n</mi></mrow></msub></mrow><annotation encoding=""application/x-tex"">\Delta = k_{max} - k_{min}</annotation></semantics></math></span><span class=""katex-html"" aria-hidden=""true""><span class=""katex-base""><span class=""katex-strut"" style=""height: 0.6833em;""></span><span class=""mord"">Δ</span><span class=""mspace"" style=""margin-right: 0.2778em;""></span><span class=""mrel"">=</span><span class=""mspace"" style=""margin-right: 0.2778em;""></span></span><span class=""katex-base""><span class=""katex-strut"" style=""height: 0.8444em; vertical-align: -0.15em;""></span><span class=""mord""><span style=""margin-right: 0.0315em;"" class=""mord mathnormal"">k</span><span class=""msupsub""><span class=""vlist-t vlist-t2""><span class=""vlist-r""><span class=""vlist"" style=""height: 0.1514em;""><span class="""" style=""top: -2.55em; margin-left: -0.0315em; margin-right: 0.05em;""><span class=""pstrut"" style=""height: 2.7em;""></span><span class=""katex-sizing reset-size6 size3 mtight""><span class=""mord mtight""><span class=""mord mathnormal mtight"">ma</span><span class=""mord mathnormal mtight"">x</span></span></span></span></span><span class=""vlist-s"">​</span></span><span class=""vlist-r""><span class=""vlist"" style=""height: 0.15em;""><span class=""""></span></span></span></span></span></span><span class=""mspace"" style=""margin-right: 0.2222em;""></span><span class=""mbin"">−</span><span class=""mspace"" style=""margin-right: 0.2222em;""></span></span><span class=""katex-base""><span class=""katex-strut"" style=""height: 0.8444em; vertical-align: -0.15em;""></span><span class=""mord""><span style=""margin-right: 0.0315em;"" class=""mord mathnormal"">k</span><span class=""msupsub""><span class=""vlist-t vlist-t2""><span class=""vlist-r""><span class=""vlist"" style=""height: 0.3117em;""><span class="""" style=""top: -2.55em; margin-left: -0.0315em; margin-right: 0.05em;""><span class=""pstrut"" style=""height: 2.7em;""></span><span class=""katex-sizing reset-size6 size3 mtight""><span class=""mord mtight""><span class=""mord mathnormal mtight"">min</span></span></span></span></span><span class=""vlist-s"">​</span></span><span class=""vlist-r""><span class=""vlist"" style=""height: 0.15em;""><span class=""""></span></span></span></span></span></span></span></span></span></span> (<span><span class=""katex""><span class=""katex-mathml""><math xmlns=""http://www.w3.org/1998/Math/MathML""><semantics><mrow><msub><mi>k</mi><mrow><mi>m</mi><mi>a</mi><mi>x</mi></mrow></msub></mrow><annotation encoding=""application/x-tex"">k_{max}</annotation></semantics></math></span><span class=""katex-html"" aria-hidden=""true""><span class=""katex-base""><span class=""katex-strut"" style=""height: 0.8444em; vertical-align: -0.15em;""></span><span class=""mord""><span style=""margin-right: 0.0315em;"" class=""mord mathnormal"">k</span><span class=""msupsub""><span class=""vlist-t vlist-t2""><span class=""vlist-r""><span class=""vlist"" style=""height: 0.1514em;""><span class="""" style=""top: -2.55em; margin-left: -0.0315em; margin-right: 0.05em;""><span class=""pstrut"" style=""height: 2.7em;""></span><span class=""katex-sizing reset-size6 size3 mtight""><span class=""mord mtight""><span class=""mord mathnormal mtight"">ma</span><span class=""mord mathnormal mtight"">x</span></span></span></span></span><span class=""vlist-s"">​</span></span><span class=""vlist-r""><span class=""vlist"" style=""height: 0.15em;""><span class=""""></span></span></span></span></span></span></span></span></span></span> and <span><span class=""katex""><span class=""katex-mathml""><math xmlns=""http://www.w3.org/1998/Math/MathML""><semantics><mrow><msub><mi>k</mi><mrow><mi>m</mi><mi>i</mi><mi>n</mi></mrow></msub></mrow><annotation encoding=""application/x-tex"">k_{min}</annotation></semantics></math></span><span class=""katex-html"" aria-hidden=""true""><span class=""katex-base""><span class=""katex-strut"" style=""height: 0.8444em; vertical-align: -0.15em;""></span><span class=""mord""><span style=""margin-right: 0.0315em;"" class=""mord mathnormal"">k</span><span class=""msupsub""><span class=""vlist-t vlist-t2""><span class=""vlist-r""><span class=""vlist"" style=""height: 0.3117em;""><span class="""" style=""top: -2.55em; margin-left: -0.0315em; margin-right: 0.05em;""><span class=""pstrut"" style=""height: 2.7em;""></span><span class=""katex-sizing reset-size6 size3 mtight""><span class=""mord mtight""><span class=""mord mathnormal mtight"">min</span></span></span></span></span><span class=""vlist-s"">​</span></span><span class=""vlist-r""><span class=""vlist"" style=""height: 0.15em;""><span class=""""></span></span></span></span></span></span></span></span></span></span> are the maximum and minimum values attained by <span><span class=""katex""><span class=""katex-mathml""><math xmlns=""http://www.w3.org/1998/Math/MathML""><semantics><mrow><mi>k</mi></mrow><annotation encoding=""application/x-tex"">k</annotation></semantics></math></span><span class=""katex-html"" aria-hidden=""true""><span class=""katex-base""><span class=""katex-strut"" style=""height: 0.6944em;""></span><span style=""margin-right: 0.0315em;"" class=""mord mathnormal"">k</span></span></span></span></span> over all the possible magic matrices he can construct) where
<span><span class=""katex-display""><span class=""katex""><span class=""katex-mathml""><math xmlns=""http://www.w3.org/1998/Math/MathML"" display=""block""><semantics><mrow><mi>k</mi><mo>=</mo><munderover><mo>∑</mo><mrow><mi>i</mi><mo separator=""true"">,</mo><mi>j</mi><mo>=</mo><mn>1</mn></mrow><mn>3</mn></munderover><mrow><mo fence=""true"">(</mo><munderover><mo>∏</mo><mrow><mi>k</mi><mo>=</mo><mn>1</mn></mrow><mn>3</mn></munderover><msub><mi>a</mi><mrow><mi>i</mi><mi>k</mi></mrow></msub><mo>−</mo><munderover><mo>∏</mo><mrow><mi>k</mi><mo>=</mo><mn>1</mn></mrow><mn>3</mn></munderover><msub><mi>a</mi><mrow><mi>k</mi><mi>j</mi></mrow></msub><mo fence=""true"">)</mo></mrow></mrow><annotation encoding=""application/x-tex"">k = \sum_{i,j=1}^{3} \left( \prod_{k=1}^{3} a_{ik} - \prod_{k=1}^{3} a_{kj} \right)</annotation></semantics></math></span><span class=""katex-html"" aria-hidden=""true""><span class=""katex-base""><span class=""katex-strut"" style=""height: 0.6944em;""></span><span style=""margin-right: 0.0315em;"" class=""mord mathnormal"">k</span><span class=""mspace"" style=""margin-right: 0.2778em;""></span><span class=""mrel"">=</span><span class=""mspace"" style=""margin-right: 0.2778em;""></span></span><span class=""katex-base""><span class=""katex-strut"" style=""height: 3.2149em; vertical-align: -1.4138em;""></span><span class=""mop op-limits""><span class=""vlist-t vlist-t2""><span class=""vlist-r""><span class=""vlist"" style=""height: 1.8011em;""><span class="""" style=""top: -1.8723em; margin-left: 0em;""><span class=""pstrut"" style=""height: 3.05em;""></span><span class=""katex-sizing reset-size6 size3 mtight""><span class=""mord mtight""><span class=""mord mathnormal mtight"">i</span><span class=""mpunct mtight"">,</span><span style=""margin-right: 0.0572em;"" class=""mord mathnormal mtight"">j</span><span class=""mrel mtight"">=</span><span class=""mord mtight"">1</span></span></span></span><span class="""" style=""top: -3.05em;""><span class=""pstrut"" style=""height: 3.05em;""></span><span class=""""><span class=""mop op-symbol large-op"">∑</span></span></span><span class="""" style=""top: -4.3em; margin-left: 0em;""><span class=""pstrut"" style=""height: 3.05em;""></span><span class=""katex-sizing reset-size6 size3 mtight""><span class=""mord mtight""><span class=""mord mtight"">3</span></span></span></span></span><span class=""vlist-s"">​</span></span><span class=""vlist-r""><span class=""vlist"" style=""height: 1.4138em;""><span class=""""></span></span></span></span></span><span class=""mspace"" style=""margin-right: 0.1667em;""></span><span class=""minner""><span class=""mopen delimcenter"" style=""top: 0em;""><span class=""delimsizing size4"">(</span></span><span class=""mop op-limits""><span class=""vlist-t vlist-t2""><span class=""vlist-r""><span class=""vlist"" style=""height: 1.8011em;""><span class="""" style=""top: -1.8479em; margin-left: 0em;""><span class=""pstrut"" style=""height: 3.05em;""></span><span class=""katex-sizing reset-size6 size3 mtight""><span class=""mord mtight""><span style=""margin-right: 0.0315em;"" class=""mord mathnormal mtight"">k</span><span class=""mrel mtight"">=</span><span class=""mord mtight"">1</span></span></span></span><span class="""" style=""top: -3.05em;""><span class=""pstrut"" style=""height: 3.05em;""></span><span class=""""><span class=""mop op-symbol large-op"">∏</span></span></span><span class="""" style=""top: -4.3em; margin-left: 0em;""><span class=""pstrut"" style=""height: 3.05em;""></span><span class=""katex-sizing reset-size6 size3 mtight""><span class=""mord mtight""><span class=""mord mtight"">3</span></span></span></span></span><span class=""vlist-s"">​</span></span><span class=""vlist-r""><span class=""vlist"" style=""height: 1.3021em;""><span class=""""></span></span></span></span></span><span class=""mspace"" style=""margin-right: 0.1667em;""></span><span class=""mord""><span class=""mord mathnormal"">a</span><span class=""msupsub""><span class=""vlist-t vlist-t2""><span class=""vlist-r""><span class=""vlist"" style=""height: 0.3361em;""><span class="""" style=""top: -2.55em; margin-left: 0em; margin-right: 0.05em;""><span class=""pstrut"" style=""height: 2.7em;""></span><span class=""katex-sizing reset-size6 size3 mtight""><span class=""mord mtight""><span style=""margin-right: 0.0315em;"" class=""mord mathnormal mtight"">ik</span></span></span></span></span><span class=""vlist-s"">​</span></span><span class=""vlist-r""><span class=""vlist"" style=""height: 0.15em;""><span class=""""></span></span></span></span></span></span><span class=""mspace"" style=""margin-right: 0.2222em;""></span><span class=""mbin"">−</span><span class=""mspace"" style=""margin-right: 0.2222em;""></span><span class=""mop op-limits""><span class=""vlist-t vlist-t2""><span class=""vlist-r""><span class=""vlist"" style=""height: 1.8011em;""><span class="""" style=""top: -1.8479em; margin-left: 0em;""><span class=""pstrut"" style=""height: 3.05em;""></span><span class=""katex-sizing reset-size6 size3 mtight""><span class=""mord mtight""><span style=""margin-right: 0.0315em;"" class=""mord mathnormal mtight"">k</span><span class=""mrel mtight"">=</span><span class=""mord mtight"">1</span></span></span></span><span class="""" style=""top: -3.05em;""><span class=""pstrut"" style=""height: 3.05em;""></span><span class=""""><span class=""mop op-symbol large-op"">∏</span></span></span><span class="""" style=""top: -4.3em; margin-left: 0em;""><span class=""pstrut"" style=""height: 3.05em;""></span><span class=""katex-sizing reset-size6 size3 mtight""><span class=""mord mtight""><span class=""mord mtight"">3</span></span></span></span></span><span class=""vlist-s"">​</span></span><span class=""vlist-r""><span class=""vlist"" style=""height: 1.3021em;""><span class=""""></span></span></span></span></span><span class=""mspace"" style=""margin-right: 0.1667em;""></span><span class=""mord""><span class=""mord mathnormal"">a</span><span class=""msupsub""><span class=""vlist-t vlist-t2""><span class=""vlist-r""><span class=""vlist"" style=""height: 0.3361em;""><span class="""" style=""top: -2.55em; margin-left: 0em; margin-right: 0.05em;""><span class=""pstrut"" style=""height: 2.7em;""></span><span class=""katex-sizing reset-size6 size3 mtight""><span class=""mord mtight""><span style=""margin-right: 0.0315em;"" class=""mord mathnormal mtight"">k</span><span style=""margin-right: 0.0572em;"" class=""mord mathnormal mtight"">j</span></span></span></span></span><span class=""vlist-s"">​</span></span><span class=""vlist-r""><span class=""vlist"" style=""height: 0.2861em;""><span class=""""></span></span></span></span></span></span><span class=""mclose delimcenter"" style=""top: 0em;""><span class=""delimsizing size4"">)</span></span></span></span></span></span></span></span>
then find the value of <span><span class=""katex""><span class=""katex-mathml""><math xmlns=""http://www.w3.org/1998/Math/MathML""><semantics><mrow><mn>2025</mn><mi mathvariant=""normal"">Δ</mi></mrow><annotation encoding=""application/x-tex"">2025\Delta</annotation></semantics></math></span><span class=""katex-html"" aria-hidden=""true""><span class=""katex-base""><span class=""katex-strut"" style=""height: 0.6833em;""></span><span class=""mord"">2025Δ</span></span></span></span></span>."
a4f5cec6-1046-42b3-b9fe-80e58e7b93b8,"Find the number of pairs \(M, N\) of numbers \(M\) and \(N\) where:<br>&bull; all of the digits of \(M\) are even and all of the digits of \(N\) are odd,<br>&bull; and each digit from 0 to 9 occurs exactly once among \(M\) and \(N\),<br>&bull; and \(N\) divides \(M\).",null,"SRMC 2025, Prelims",{},2026-07-26 15:30:07.584143+00,null,1.7 — Digits,"Find the number of pairs <span><span class=""katex""><span class=""katex-mathml""><math xmlns=""http://www.w3.org/1998/Math/MathML""><semantics><mrow><mi>M</mi><mo separator=""true"">,</mo><mi>N</mi></mrow><annotation encoding=""application/x-tex"">M, N</annotation></semantics></math></span><span class=""katex-html"" aria-hidden=""true""><span class=""katex-base""><span class=""katex-strut"" style=""height: 0.8778em; vertical-align: -0.1944em;""></span><span style=""margin-right: 0.109em;"" class=""mord mathnormal"">M</span><span class=""mpunct"">,</span><span class=""mspace"" style=""margin-right: 0.1667em;""></span><span style=""margin-right: 0.109em;"" class=""mord mathnormal"">N</span></span></span></span></span> of numbers <span><span class=""katex""><span class=""katex-mathml""><math xmlns=""http://www.w3.org/1998/Math/MathML""><semantics><mrow><mi>M</mi></mrow><annotation encoding=""application/x-tex"">M</annotation></semantics></math></span><span class=""katex-html"" aria-hidden=""true""><span class=""katex-base""><span class=""katex-strut"" style=""height: 0.6833em;""></span><span style=""margin-right: 0.109em;"" class=""mord mathnormal"">M</span></span></span></span></span> and <span><span class=""katex""><span class=""katex-mathml""><math xmlns=""http://www.w3.org/1998/Math/MathML""><semantics><mrow><mi>N</mi></mrow><annotation encoding=""application/x-tex"">N</annotation></semantics></math></span><span class=""katex-html"" aria-hidden=""true""><span class=""katex-base""><span class=""katex-strut"" style=""height: 0.6833em;""></span><span style=""margin-right: 0.109em;"" class=""mord mathnormal"">N</span></span></span></span></span> where:<br>• all of the digits of <span><span class=""katex""><span class=""katex-mathml""><math xmlns=""http://www.w3.org/1998/Math/MathML""><semantics><mrow><mi>M</mi></mrow><annotation encoding=""application/x-tex"">M</annotation></semantics></math></span><span class=""katex-html"" aria-hidden=""true""><span class=""katex-base""><span class=""katex-strut"" style=""height: 0.6833em;""></span><span style=""margin-right: 0.109em;"" class=""mord mathnormal"">M</span></span></span></span></span> are even and all of the digits of <span><span class=""katex""><span class=""katex-mathml""><math xmlns=""http://www.w3.org/1998/Math/MathML""><semantics><mrow><mi>N</mi></mrow><annotation encoding=""application/x-tex"">N</annotation></semantics></math></span><span class=""katex-html"" aria-hidden=""true""><span class=""katex-base""><span class=""katex-strut"" style=""height: 0.6833em;""></span><span style=""margin-right: 0.109em;"" class=""mord mathnormal"">N</span></span></span></span></span> are odd,<br>• and each digit from 0 to 9 occurs exactly once among <span><span class=""katex""><span class=""katex-mathml""><math xmlns=""http://www.w3.org/1998/Math/MathML""><semantics><mrow><mi>M</mi></mrow><annotation encoding=""application/x-tex"">M</annotation></semantics></math></span><span class=""katex-html"" aria-hidden=""true""><span class=""katex-base""><span class=""katex-strut"" style=""height: 0.6833em;""></span><span style=""margin-right: 0.109em;"" class=""mord mathnormal"">M</span></span></span></span></span> and <span><span class=""katex""><span class=""katex-mathml""><math xmlns=""http://www.w3.org/1998/Math/MathML""><semantics><mrow><mi>N</mi></mrow><annotation encoding=""application/x-tex"">N</annotation></semantics></math></span><span class=""katex-html"" aria-hidden=""true""><span class=""katex-base""><span class=""katex-strut"" style=""height: 0.6833em;""></span><span style=""margin-right: 0.109em;"" class=""mord mathnormal"">N</span></span></span></span></span>,<br>• and <span><span class=""katex""><span class=""katex-mathml""><math xmlns=""http://www.w3.org/1998/Math/MathML""><semantics><mrow><mi>N</mi></mrow><annotation encoding=""application/x-tex"">N</annotation></semantics></math></span><span class=""katex-html"" aria-hidden=""true""><span class=""katex-base""><span class=""katex-strut"" style=""height: 0.6833em;""></span><span style=""margin-right: 0.109em;"" class=""mord mathnormal"">N</span></span></span></span></span> divides <span><span class=""katex""><span class=""katex-mathml""><math xmlns=""http://www.w3.org/1998/Math/MathML""><semantics><mrow><mi>M</mi></mrow><annotation encoding=""application/x-tex"">M</annotation></semantics></math></span><span class=""katex-html"" aria-hidden=""true""><span class=""katex-base""><span class=""katex-strut"" style=""height: 0.6833em;""></span><span style=""margin-right: 0.109em;"" class=""mord mathnormal"">M</span></span></span></span></span>."
50495652-9010-4cb5-8759-d4d7e1f9b3e9,How many ways are there to fill a \(4 \times 4\) matrix with the numbers 1 to 4 such that each row and each column contains exactly one of each number?,null,"SRMC 2025, Prelims",{},2026-07-26 15:30:07.617568+00,null,1.8 — Latin squares,"How many ways are there to fill a <span><span class=""katex""><span class=""katex-mathml""><math xmlns=""http://www.w3.org/1998/Math/MathML""><semantics><mrow><mn>4</mn><mo>×</mo><mn>4</mn></mrow><annotation encoding=""application/x-tex"">4 \times 4</annotation></semantics></math></span><span class=""katex-html"" aria-hidden=""true""><span class=""katex-base""><span class=""katex-strut"" style=""height: 0.7278em; vertical-align: -0.0833em;""></span><span class=""mord"">4</span><span class=""mspace"" style=""margin-right: 0.2222em;""></span><span class=""mbin"">×</span><span class=""mspace"" style=""margin-right: 0.2222em;""></span></span><span class=""katex-base""><span class=""katex-strut"" style=""height: 0.6444em;""></span><span class=""mord"">4</span></span></span></span></span> matrix with the numbers 1 to 4 such that each row and each column contains exactly one of each number?"
45c53216-9966-4ab2-a9da-929585daefad,"\(ABCD\) is a trapezium with \(AB \parallel CD\) and \(AB \perp AD\). Given that \(AB = 3 \cdot CD\) and the Area of \(\square ABCD = 16\), find the square of the radius of a circle that can be drawn to touch all sides \(ABCD\). If it is not possible to construct such a circle, put your answer as \(-1\).",null,"SRMC 2025, Prelims",{},2026-07-26 15:30:07.670878+00,null,1.9 — Trapped in the Trapezium,"<span><span class=""katex""><span class=""katex-mathml""><math xmlns=""http://www.w3.org/1998/Math/MathML""><semantics><mrow><mi>A</mi><mi>B</mi><mi>C</mi><mi>D</mi></mrow><annotation encoding=""application/x-tex"">ABCD</annotation></semantics></math></span><span class=""katex-html"" aria-hidden=""true""><span class=""katex-base""><span class=""katex-strut"" style=""height: 0.6833em;""></span><span class=""mord mathnormal"">A</span><span style=""margin-right: 0.0502em;"" class=""mord mathnormal"">B</span><span style=""margin-right: 0.0715em;"" class=""mord mathnormal"">C</span><span style=""margin-right: 0.0278em;"" class=""mord mathnormal"">D</span></span></span></span></span> is a trapezium with <span><span class=""katex""><span class=""katex-mathml""><math xmlns=""http://www.w3.org/1998/Math/MathML""><semantics><mrow><mi>A</mi><mi>B</mi><mo>∥</mo><mi>C</mi><mi>D</mi></mrow><annotation encoding=""application/x-tex"">AB \parallel CD</annotation></semantics></math></span><span class=""katex-html"" aria-hidden=""true""><span class=""katex-base""><span class=""katex-strut"" style=""height: 1em; vertical-align: -0.25em;""></span><span class=""mord mathnormal"">A</span><span style=""margin-right: 0.0502em;"" class=""mord mathnormal"">B</span><span class=""mspace"" style=""margin-right: 0.2778em;""></span><span class=""mrel"">∥</span><span class=""mspace"" style=""margin-right: 0.2778em;""></span></span><span class=""katex-base""><span class=""katex-strut"" style=""height: 0.6833em;""></span><span style=""margin-right: 0.0715em;"" class=""mord mathnormal"">C</span><span style=""margin-right: 0.0278em;"" class=""mord mathnormal"">D</span></span></span></span></span> and <span><span class=""katex""><span class=""katex-mathml""><math xmlns=""http://www.w3.org/1998/Math/MathML""><semantics><mrow><mi>A</mi><mi>B</mi><mo>⊥</mo><mi>A</mi><mi>D</mi></mrow><annotation encoding=""application/x-tex"">AB \perp AD</annotation></semantics></math></span><span class=""katex-html"" aria-hidden=""true""><span class=""katex-base""><span class=""katex-strut"" style=""height: 0.6944em;""></span><span class=""mord mathnormal"">A</span><span style=""margin-right: 0.0502em;"" class=""mord mathnormal"">B</span><span class=""mspace"" style=""margin-right: 0.2778em;""></span><span class=""mrel"">⊥</span><span class=""mspace"" style=""margin-right: 0.2778em;""></span></span><span class=""katex-base""><span class=""katex-strut"" style=""height: 0.6833em;""></span><span class=""mord mathnormal"">A</span><span style=""margin-right: 0.0278em;"" class=""mord mathnormal"">D</span></span></span></span></span>. Given that <span><span class=""katex""><span class=""katex-mathml""><math xmlns=""http://www.w3.org/1998/Math/MathML""><semantics><mrow><mi>A</mi><mi>B</mi><mo>=</mo><mn>3</mn><mo>⋅</mo><mi>C</mi><mi>D</mi></mrow><annotation encoding=""application/x-tex"">AB = 3 \cdot CD</annotation></semantics></math></span><span class=""katex-html"" aria-hidden=""true""><span class=""katex-base""><span class=""katex-strut"" style=""height: 0.6833em;""></span><span class=""mord mathnormal"">A</span><span style=""margin-right: 0.0502em;"" class=""mord mathnormal"">B</span><span class=""mspace"" style=""margin-right: 0.2778em;""></span><span class=""mrel"">=</span><span class=""mspace"" style=""margin-right: 0.2778em;""></span></span><span class=""katex-base""><span class=""katex-strut"" style=""height: 0.6444em;""></span><span class=""mord"">3</span><span class=""mspace"" style=""margin-right: 0.2222em;""></span><span class=""mbin"">⋅</span><span class=""mspace"" style=""margin-right: 0.2222em;""></span></span><span class=""katex-base""><span class=""katex-strut"" style=""height: 0.6833em;""></span><span style=""margin-right: 0.0715em;"" class=""mord mathnormal"">C</span><span style=""margin-right: 0.0278em;"" class=""mord mathnormal"">D</span></span></span></span></span> and the Area of <span><span class=""katex""><span class=""katex-mathml""><math xmlns=""http://www.w3.org/1998/Math/MathML""><semantics><mrow><mi mathvariant=""normal"">□</mi><mi>A</mi><mi>B</mi><mi>C</mi><mi>D</mi><mo>=</mo><mn>16</mn></mrow><annotation encoding=""application/x-tex"">\square ABCD = 16</annotation></semantics></math></span><span class=""katex-html"" aria-hidden=""true""><span class=""katex-base""><span class=""katex-strut"" style=""height: 0.6833em;""></span><span class=""mord amsrm"">□</span><span class=""mord mathnormal"">A</span><span style=""margin-right: 0.0502em;"" class=""mord mathnormal"">B</span><span style=""margin-right: 0.0715em;"" class=""mord mathnormal"">C</span><span style=""margin-right: 0.0278em;"" class=""mord mathnormal"">D</span><span class=""mspace"" style=""margin-right: 0.2778em;""></span><span class=""mrel"">=</span><span class=""mspace"" style=""margin-right: 0.2778em;""></span></span><span class=""katex-base""><span class=""katex-strut"" style=""height: 0.6444em;""></span><span class=""mord"">16</span></span></span></span></span>, find the square of the radius of a circle that can be drawn to touch all sides <span><span class=""katex""><span class=""katex-mathml""><math xmlns=""http://www.w3.org/1998/Math/MathML""><semantics><mrow><mi>A</mi><mi>B</mi><mi>C</mi><mi>D</mi></mrow><annotation encoding=""application/x-tex"">ABCD</annotation></semantics></math></span><span class=""katex-html"" aria-hidden=""true""><span class=""katex-base""><span class=""katex-strut"" style=""height: 0.6833em;""></span><span class=""mord mathnormal"">A</span><span style=""margin-right: 0.0502em;"" class=""mord mathnormal"">B</span><span style=""margin-right: 0.0715em;"" class=""mord mathnormal"">C</span><span style=""margin-right: 0.0278em;"" class=""mord mathnormal"">D</span></span></span></span></span>. If it is not possible to construct such a circle, put your answer as <span><span class=""katex""><span class=""katex-mathml""><math xmlns=""http://www.w3.org/1998/Math/MathML""><semantics><mrow><mo>−</mo><mn>1</mn></mrow><annotation encoding=""application/x-tex"">-1</annotation></semantics></math></span><span class=""katex-html"" aria-hidden=""true""><span class=""katex-base""><span class=""katex-strut"" style=""height: 0.7278em; vertical-align: -0.0833em;""></span><span class=""mord"">−</span><span class=""mord"">1</span></span></span></span></span>."
cb06401e-9b5b-48f0-ba64-5dda6fc5a823,"In \(\triangle ABC\), the incircle touches \(BC\), \(CA\) and \(AB\) at \(D\), \(E\) and \(F\) respectively. If the radius of the incircle is 4 and if \(BD\), \(CE\), \(AF\) are consecutive integers, then find the length of side \(AC\).",null,"SRMC 2025, Prelims",{},2026-07-26 15:30:07.704406+00,null,1.10 — Living on the edge of predictability,"In <span><span class=""katex""><span class=""katex-mathml""><math xmlns=""http://www.w3.org/1998/Math/MathML""><semantics><mrow><mi mathvariant=""normal"">△</mi><mi>A</mi><mi>B</mi><mi>C</mi></mrow><annotation encoding=""application/x-tex"">\triangle ABC</annotation></semantics></math></span><span class=""katex-html"" aria-hidden=""true""><span class=""katex-base""><span class=""katex-strut"" style=""height: 0.8889em; vertical-align: -0.1944em;""></span><span class=""mord"">△</span><span class=""mord mathnormal"">A</span><span style=""margin-right: 0.0502em;"" class=""mord mathnormal"">B</span><span style=""margin-right: 0.0715em;"" class=""mord mathnormal"">C</span></span></span></span></span>, the incircle touches <span><span class=""katex""><span class=""katex-mathml""><math xmlns=""http://www.w3.org/1998/Math/MathML""><semantics><mrow><mi>B</mi><mi>C</mi></mrow><annotation encoding=""application/x-tex"">BC</annotation></semantics></math></span><span class=""katex-html"" aria-hidden=""true""><span class=""katex-base""><span class=""katex-strut"" style=""height: 0.6833em;""></span><span style=""margin-right: 0.0502em;"" class=""mord mathnormal"">B</span><span style=""margin-right: 0.0715em;"" class=""mord mathnormal"">C</span></span></span></span></span>, <span><span class=""katex""><span class=""katex-mathml""><math xmlns=""http://www.w3.org/1998/Math/MathML""><semantics><mrow><mi>C</mi><mi>A</mi></mrow><annotation encoding=""application/x-tex"">CA</annotation></semantics></math></span><span class=""katex-html"" aria-hidden=""true""><span class=""katex-base""><span class=""katex-strut"" style=""height: 0.6833em;""></span><span style=""margin-right: 0.0715em;"" class=""mord mathnormal"">C</span><span class=""mord mathnormal"">A</span></span></span></span></span> and <span><span class=""katex""><span class=""katex-mathml""><math xmlns=""http://www.w3.org/1998/Math/MathML""><semantics><mrow><mi>A</mi><mi>B</mi></mrow><annotation encoding=""application/x-tex"">AB</annotation></semantics></math></span><span class=""katex-html"" aria-hidden=""true""><span class=""katex-base""><span class=""katex-strut"" style=""height: 0.6833em;""></span><span class=""mord mathnormal"">A</span><span style=""margin-right: 0.0502em;"" class=""mord mathnormal"">B</span></span></span></span></span> at <span><span class=""katex""><span class=""katex-mathml""><math xmlns=""http://www.w3.org/1998/Math/MathML""><semantics><mrow><mi>D</mi></mrow><annotation encoding=""application/x-tex"">D</annotation></semantics></math></span><span class=""katex-html"" aria-hidden=""true""><span class=""katex-base""><span class=""katex-strut"" style=""height: 0.6833em;""></span><span style=""margin-right: 0.0278em;"" class=""mord mathnormal"">D</span></span></span></span></span>, <span><span class=""katex""><span class=""katex-mathml""><math xmlns=""http://www.w3.org/1998/Math/MathML""><semantics><mrow><mi>E</mi></mrow><annotation encoding=""application/x-tex"">E</annotation></semantics></math></span><span class=""katex-html"" aria-hidden=""true""><span class=""katex-base""><span class=""katex-strut"" style=""height: 0.6833em;""></span><span style=""margin-right: 0.0576em;"" class=""mord mathnormal"">E</span></span></span></span></span> and <span><span class=""katex""><span class=""katex-mathml""><math xmlns=""http://www.w3.org/1998/Math/MathML""><semantics><mrow><mi>F</mi></mrow><annotation encoding=""application/x-tex"">F</annotation></semantics></math></span><span class=""katex-html"" aria-hidden=""true""><span class=""katex-base""><span class=""katex-strut"" style=""height: 0.6833em;""></span><span style=""margin-right: 0.1389em;"" class=""mord mathnormal"">F</span></span></span></span></span> respectively. If the radius of the incircle is 4 and if <span><span class=""katex""><span class=""katex-mathml""><math xmlns=""http://www.w3.org/1998/Math/MathML""><semantics><mrow><mi>B</mi><mi>D</mi></mrow><annotation encoding=""application/x-tex"">BD</annotation></semantics></math></span><span class=""katex-html"" aria-hidden=""true""><span class=""katex-base""><span class=""katex-strut"" style=""height: 0.6833em;""></span><span style=""margin-right: 0.0502em;"" class=""mord mathnormal"">B</span><span style=""margin-right: 0.0278em;"" class=""mord mathnormal"">D</span></span></span></span></span>, <span><span class=""katex""><span class=""katex-mathml""><math xmlns=""http://www.w3.org/1998/Math/MathML""><semantics><mrow><mi>C</mi><mi>E</mi></mrow><annotation encoding=""application/x-tex"">CE</annotation></semantics></math></span><span class=""katex-html"" aria-hidden=""true""><span class=""katex-base""><span class=""katex-strut"" style=""height: 0.6833em;""></span><span style=""margin-right: 0.0715em;"" class=""mord mathnormal"">C</span><span style=""margin-right: 0.0576em;"" class=""mord mathnormal"">E</span></span></span></span></span>, <span><span class=""katex""><span class=""katex-mathml""><math xmlns=""http://www.w3.org/1998/Math/MathML""><semantics><mrow><mi>A</mi><mi>F</mi></mrow><annotation encoding=""application/x-tex"">AF</annotation></semantics></math></span><span class=""katex-html"" aria-hidden=""true""><span class=""katex-base""><span class=""katex-strut"" style=""height: 0.6833em;""></span><span class=""mord mathnormal"">A</span><span style=""margin-right: 0.1389em;"" class=""mord mathnormal"">F</span></span></span></span></span> are consecutive integers, then find the length of side <span><span class=""katex""><span class=""katex-mathml""><math xmlns=""http://www.w3.org/1998/Math/MathML""><semantics><mrow><mi>A</mi><mi>C</mi></mrow><annotation encoding=""application/x-tex"">AC</annotation></semantics></math></span><span class=""katex-html"" aria-hidden=""true""><span class=""katex-base""><span class=""katex-strut"" style=""height: 0.6833em;""></span><span class=""mord mathnormal"">A</span><span style=""margin-right: 0.0715em;"" class=""mord mathnormal"">C</span></span></span></span></span>."
6b11f81c-5509-4550-9a13-55de884d257a,"How many sequences of 0s and 1s of length 19 are there that begin with a 0, end with a 0, contain no two consecutive 0s, and no three consecutive 1s?",null,"SRMC 2025, Prelims",{},2026-07-26 15:30:07.750374+00,null,1.11 — Count It!,"How many sequences of 0s and 1s of length 19 are there that begin with a 0, end with a 0, contain no two consecutive 0s, and no three consecutive 1s?"
ed4927ca-bb04-4d3e-9deb-5d9a74c90a09,"Let \(\{x_n\}\) and \(\{y_n\}\) be sequences of real numbers such that \(x_i \ne y_j\ \forall i, j \in \{1, 2, \cdots, n\}\). Define the matrix \(A = (a_{ij})\) for \(1 \le i, j \le n\), where
\[a_{ij} = \begin{cases} 2025, & \text{if } x_i > y_j \\ -2025, & \text{otherwise} \end{cases}\]
Let \(B\) be a matrix of the same dimensions as \(A\), where \(b_{ij} \in \mathbb{Z} \cap [-2025, 2025]\) for all \(i, j\), such that the sum of the elements in each row and each column of \(B\) is equal to the corresponding row and column sum of \(A\).<br><br>Determine the number of such matrices \(B\).",null,"SRMC 2025, Prelims",{},2026-07-26 15:30:07.804469+00,null,1.12 — Double Count it!,"Let <span><span class=""katex""><span class=""katex-mathml""><math xmlns=""http://www.w3.org/1998/Math/MathML""><semantics><mrow><mo stretchy=""false"">{</mo><msub><mi>x</mi><mi>n</mi></msub><mo stretchy=""false"">}</mo></mrow><annotation encoding=""application/x-tex"">\{x_n\}</annotation></semantics></math></span><span class=""katex-html"" aria-hidden=""true""><span class=""katex-base""><span class=""katex-strut"" style=""height: 1em; vertical-align: -0.25em;""></span><span class=""mopen"">{</span><span class=""mord""><span class=""mord mathnormal"">x</span><span class=""msupsub""><span class=""vlist-t vlist-t2""><span class=""vlist-r""><span class=""vlist"" style=""height: 0.1514em;""><span class="""" style=""top: -2.55em; margin-left: 0em; margin-right: 0.05em;""><span class=""pstrut"" style=""height: 2.7em;""></span><span class=""katex-sizing reset-size6 size3 mtight""><span class=""mord mathnormal mtight"">n</span></span></span></span><span class=""vlist-s"">​</span></span><span class=""vlist-r""><span class=""vlist"" style=""height: 0.15em;""><span class=""""></span></span></span></span></span></span><span class=""mclose"">}</span></span></span></span></span> and <span><span class=""katex""><span class=""katex-mathml""><math xmlns=""http://www.w3.org/1998/Math/MathML""><semantics><mrow><mo stretchy=""false"">{</mo><msub><mi>y</mi><mi>n</mi></msub><mo stretchy=""false"">}</mo></mrow><annotation encoding=""application/x-tex"">\{y_n\}</annotation></semantics></math></span><span class=""katex-html"" aria-hidden=""true""><span class=""katex-base""><span class=""katex-strut"" style=""height: 1em; vertical-align: -0.25em;""></span><span class=""mopen"">{</span><span class=""mord""><span style=""margin-right: 0.0359em;"" class=""mord mathnormal"">y</span><span class=""msupsub""><span class=""vlist-t vlist-t2""><span class=""vlist-r""><span class=""vlist"" style=""height: 0.1514em;""><span class="""" style=""top: -2.55em; margin-left: -0.0359em; margin-right: 0.05em;""><span class=""pstrut"" style=""height: 2.7em;""></span><span class=""katex-sizing reset-size6 size3 mtight""><span class=""mord mathnormal mtight"">n</span></span></span></span><span class=""vlist-s"">​</span></span><span class=""vlist-r""><span class=""vlist"" style=""height: 0.15em;""><span class=""""></span></span></span></span></span></span><span class=""mclose"">}</span></span></span></span></span> be sequences of real numbers such that <span><span class=""katex""><span class=""katex-mathml""><math xmlns=""http://www.w3.org/1998/Math/MathML""><semantics><mrow><msub><mi>x</mi><mi>i</mi></msub><mo mathvariant=""normal"">≠</mo><msub><mi>y</mi><mi>j</mi></msub><mtext>&nbsp;</mtext><mi mathvariant=""normal"">∀</mi><mi>i</mi><mo separator=""true"">,</mo><mi>j</mi><mo>∈</mo><mo stretchy=""false"">{</mo><mn>1</mn><mo separator=""true"">,</mo><mn>2</mn><mo separator=""true"">,</mo><mo>⋯</mo> <mo separator=""true"">,</mo><mi>n</mi><mo stretchy=""false"">}</mo></mrow><annotation encoding=""application/x-tex"">x_i \ne y_j\ \forall i, j \in \{1, 2, \cdots, n\}</annotation></semantics></math></span><span class=""katex-html"" aria-hidden=""true""><span class=""katex-base""><span class=""katex-strut"" style=""height: 0.8889em; vertical-align: -0.1944em;""></span><span class=""mord""><span class=""mord mathnormal"">x</span><span class=""msupsub""><span class=""vlist-t vlist-t2""><span class=""vlist-r""><span class=""vlist"" style=""height: 0.3117em;""><span class="""" style=""top: -2.55em; margin-left: 0em; margin-right: 0.05em;""><span class=""pstrut"" style=""height: 2.7em;""></span><span class=""katex-sizing reset-size6 size3 mtight""><span class=""mord mathnormal mtight"">i</span></span></span></span><span class=""vlist-s"">​</span></span><span class=""vlist-r""><span class=""vlist"" style=""height: 0.15em;""><span class=""""></span></span></span></span></span></span><span class=""mspace"" style=""margin-right: 0.2778em;""></span><span class=""mrel""><span class=""mrel""><span class=""mord katex-vbox""><span class=""katex-thinbox""><span class=""rlap""><span class=""katex-strut"" style=""height: 0.8889em; vertical-align: -0.1944em;""></span><span class=""katex-inner""><span class=""mord""><span class=""mrel""></span></span></span><span class=""katex-fix""></span></span></span></span></span><span class=""mspace nobreak""></span><span class=""mrel"">=</span></span><span class=""mspace"" style=""margin-right: 0.2778em;""></span></span><span class=""katex-base""><span class=""katex-strut"" style=""height: 0.9805em; vertical-align: -0.2861em;""></span><span class=""mord""><span style=""margin-right: 0.0359em;"" class=""mord mathnormal"">y</span><span class=""msupsub""><span class=""vlist-t vlist-t2""><span class=""vlist-r""><span class=""vlist"" style=""height: 0.3117em;""><span class="""" style=""top: -2.55em; margin-left: -0.0359em; margin-right: 0.05em;""><span class=""pstrut"" style=""height: 2.7em;""></span><span class=""katex-sizing reset-size6 size3 mtight""><span style=""margin-right: 0.0572em;"" class=""mord mathnormal mtight"">j</span></span></span></span><span class=""vlist-s"">​</span></span><span class=""vlist-r""><span class=""vlist"" style=""height: 0.2861em;""><span class=""""></span></span></span></span></span></span><span class=""mspace"">&nbsp;</span><span class=""mord"">∀</span><span class=""mord mathnormal"">i</span><span class=""mpunct"">,</span><span class=""mspace"" style=""margin-right: 0.1667em;""></span><span style=""margin-right: 0.0572em;"" class=""mord mathnormal"">j</span><span class=""mspace"" style=""margin-right: 0.2778em;""></span><span class=""mrel"">∈</span><span class=""mspace"" style=""margin-right: 0.2778em;""></span></span><span class=""katex-base""><span class=""katex-strut"" style=""height: 1em; vertical-align: -0.25em;""></span><span class=""mopen"">{</span><span class=""mord"">1</span><span class=""mpunct"">,</span><span class=""mspace"" style=""margin-right: 0.1667em;""></span><span class=""mord"">2</span><span class=""mpunct"">,</span><span class=""mspace"" style=""margin-right: 0.1667em;""></span><span class=""minner"">⋯</span><span class=""mspace"" style=""margin-right: 0.1667em;""></span><span class=""mspace"" style=""margin-right: 0.1667em;""></span><span class=""mpunct"">,</span><span class=""mspace"" style=""margin-right: 0.1667em;""></span><span class=""mord mathnormal"">n</span><span class=""mclose"">}</span></span></span></span></span>. Define the matrix <span><span class=""katex""><span class=""katex-mathml""><math xmlns=""http://www.w3.org/1998/Math/MathML""><semantics><mrow><mi>A</mi><mo>=</mo><mo stretchy=""false"">(</mo><msub><mi>a</mi><mrow><mi>i</mi><mi>j</mi></mrow></msub><mo stretchy=""false"">)</mo></mrow><annotation encoding=""application/x-tex"">A = (a_{ij})</annotation></semantics></math></span><span class=""katex-html"" aria-hidden=""true""><span class=""katex-base""><span class=""katex-strut"" style=""height: 0.6833em;""></span><span class=""mord mathnormal"">A</span><span class=""mspace"" style=""margin-right: 0.2778em;""></span><span class=""mrel"">=</span><span class=""mspace"" style=""margin-right: 0.2778em;""></span></span><span class=""katex-base""><span class=""katex-strut"" style=""height: 1.0361em; vertical-align: -0.2861em;""></span><span class=""mopen"">(</span><span class=""mord""><span class=""mord mathnormal"">a</span><span class=""msupsub""><span class=""vlist-t vlist-t2""><span class=""vlist-r""><span class=""vlist"" style=""height: 0.3117em;""><span class="""" style=""top: -2.55em; margin-left: 0em; margin-right: 0.05em;""><span class=""pstrut"" style=""height: 2.7em;""></span><span class=""katex-sizing reset-size6 size3 mtight""><span class=""mord mtight""><span style=""margin-right: 0.0572em;"" class=""mord mathnormal mtight"">ij</span></span></span></span></span><span class=""vlist-s"">​</span></span><span class=""vlist-r""><span class=""vlist"" style=""height: 0.2861em;""><span class=""""></span></span></span></span></span></span><span class=""mclose"">)</span></span></span></span></span> for <span><span class=""katex""><span class=""katex-mathml""><math xmlns=""http://www.w3.org/1998/Math/MathML""><semantics><mrow><mn>1</mn><mo>≤</mo><mi>i</mi><mo separator=""true"">,</mo><mi>j</mi><mo>≤</mo><mi>n</mi></mrow><annotation encoding=""application/x-tex"">1 \le i, j \le n</annotation></semantics></math></span><span class=""katex-html"" aria-hidden=""true""><span class=""katex-base""><span class=""katex-strut"" style=""height: 0.7804em; vertical-align: -0.136em;""></span><span class=""mord"">1</span><span class=""mspace"" style=""margin-right: 0.2778em;""></span><span class=""mrel"">≤</span><span class=""mspace"" style=""margin-right: 0.2778em;""></span></span><span class=""katex-base""><span class=""katex-strut"" style=""height: 0.854em; vertical-align: -0.1944em;""></span><span class=""mord mathnormal"">i</span><span class=""mpunct"">,</span><span class=""mspace"" style=""margin-right: 0.1667em;""></span><span style=""margin-right: 0.0572em;"" class=""mord mathnormal"">j</span><span class=""mspace"" style=""margin-right: 0.2778em;""></span><span class=""mrel"">≤</span><span class=""mspace"" style=""margin-right: 0.2778em;""></span></span><span class=""katex-base""><span class=""katex-strut"" style=""height: 0.4306em;""></span><span class=""mord mathnormal"">n</span></span></span></span></span>, where
<span><span class=""katex-display""><span class=""katex""><span class=""katex-mathml""><math xmlns=""http://www.w3.org/1998/Math/MathML"" display=""block""><semantics><mrow><msub><mi>a</mi><mrow><mi>i</mi><mi>j</mi></mrow></msub><mo>=</mo><mrow><mo fence=""true"">{</mo><mtable rowspacing=""0.36em"" columnalign=""left left"" columnspacing=""1em""><mtr><mtd><mstyle scriptlevel=""0"" displaystyle=""false""><mrow><mn>2025</mn><mo separator=""true"">,</mo></mrow></mstyle></mtd><mtd><mstyle scriptlevel=""0"" displaystyle=""false""><mrow><mtext>if&nbsp;</mtext><msub><mi>x</mi><mi>i</mi></msub><mo>&gt;</mo><msub><mi>y</mi><mi>j</mi></msub></mrow></mstyle></mtd></mtr><mtr><mtd><mstyle scriptlevel=""0"" displaystyle=""false""><mrow><mo>−</mo><mn>2025</mn><mo separator=""true"">,</mo></mrow></mstyle></mtd><mtd><mstyle scriptlevel=""0"" displaystyle=""false""><mtext>otherwise</mtext></mstyle></mtd></mtr></mtable></mrow></mrow><annotation encoding=""application/x-tex"">a_{ij} = \begin{cases} 2025, &amp; \text{if } x_i &gt; y_j \\ -2025, &amp; \text{otherwise} \end{cases}</annotation></semantics></math></span><span class=""katex-html"" aria-hidden=""true""><span class=""katex-base""><span class=""katex-strut"" style=""height: 0.7167em; vertical-align: -0.2861em;""></span><span class=""mord""><span class=""mord mathnormal"">a</span><span class=""msupsub""><span class=""vlist-t vlist-t2""><span class=""vlist-r""><span class=""vlist"" style=""height: 0.3117em;""><span class="""" style=""top: -2.55em; margin-left: 0em; margin-right: 0.05em;""><span class=""pstrut"" style=""height: 2.7em;""></span><span class=""katex-sizing reset-size6 size3 mtight""><span class=""mord mtight""><span style=""margin-right: 0.0572em;"" class=""mord mathnormal mtight"">ij</span></span></span></span></span><span class=""vlist-s"">​</span></span><span class=""vlist-r""><span class=""vlist"" style=""height: 0.2861em;""><span class=""""></span></span></span></span></span></span><span class=""mspace"" style=""margin-right: 0.2778em;""></span><span class=""mrel"">=</span><span class=""mspace"" style=""margin-right: 0.2778em;""></span></span><span class=""katex-base""><span class=""katex-strut"" style=""height: 3em; vertical-align: -1.25em;""></span><span class=""minner""><span class=""mopen delimcenter"" style=""top: 0em;""><span class=""delimsizing size4"">{</span></span><span class=""mord""><span class=""mtable""><span class=""col-align-l""><span class=""vlist-t vlist-t2""><span class=""vlist-r""><span class=""vlist"" style=""height: 1.69em;""><span class="""" style=""top: -3.69em;""><span class=""pstrut"" style=""height: 3.008em;""></span><span class=""mord""><span class=""mord"">2025</span><span class=""mpunct"">,</span></span></span><span class="""" style=""top: -2.25em;""><span class=""pstrut"" style=""height: 3.008em;""></span><span class=""mord""><span class=""mord"">−</span><span class=""mord"">2025</span><span class=""mpunct"">,</span></span></span></span><span class=""vlist-s"">​</span></span><span class=""vlist-r""><span class=""vlist"" style=""height: 1.19em;""><span class=""""></span></span></span></span></span><span class=""arraycolsep"" style=""width: 1em;""></span><span class=""col-align-l""><span class=""vlist-t vlist-t2""><span class=""vlist-r""><span class=""vlist"" style=""height: 1.69em;""><span class="""" style=""top: -3.69em;""><span class=""pstrut"" style=""height: 3.008em;""></span><span class=""mord""><span class=""mord text""><span class=""mord"">if&nbsp;</span></span><span class=""mord""><span class=""mord mathnormal"">x</span><span class=""msupsub""><span class=""vlist-t vlist-t2""><span class=""vlist-r""><span class=""vlist"" style=""height: 0.3117em;""><span class="""" style=""top: -2.55em; margin-left: 0em; margin-right: 0.05em;""><span class=""pstrut"" style=""height: 2.7em;""></span><span class=""katex-sizing reset-size6 size3 mtight""><span class=""mord mathnormal mtight"">i</span></span></span></span><span class=""vlist-s"">​</span></span><span class=""vlist-r""><span class=""vlist"" style=""height: 0.15em;""><span class=""""></span></span></span></span></span></span><span class=""mspace"" style=""margin-right: 0.2778em;""></span><span class=""mrel"">&gt;</span><span class=""mspace"" style=""margin-right: 0.2778em;""></span><span class=""mord""><span style=""margin-right: 0.0359em;"" class=""mord mathnormal"">y</span><span class=""msupsub""><span class=""vlist-t vlist-t2""><span class=""vlist-r""><span class=""vlist"" style=""height: 0.3117em;""><span class="""" style=""top: -2.55em; margin-left: -0.0359em; margin-right: 0.05em;""><span class=""pstrut"" style=""height: 2.7em;""></span><span class=""katex-sizing reset-size6 size3 mtight""><span style=""margin-right: 0.0572em;"" class=""mord mathnormal mtight"">j</span></span></span></span><span class=""vlist-s"">​</span></span><span class=""vlist-r""><span class=""vlist"" style=""height: 0.2861em;""><span class=""""></span></span></span></span></span></span></span></span><span class="""" style=""top: -2.25em;""><span class=""pstrut"" style=""height: 3.008em;""></span><span class=""mord""><span class=""mord text""><span class=""mord"">otherwise</span></span></span></span></span><span class=""vlist-s"">​</span></span><span class=""vlist-r""><span class=""vlist"" style=""height: 1.19em;""><span class=""""></span></span></span></span></span></span></span><span class=""mclose nulldelimiter""></span></span></span></span></span></span></span>
Let <span><span class=""katex""><span class=""katex-mathml""><math xmlns=""http://www.w3.org/1998/Math/MathML""><semantics><mrow><mi>B</mi></mrow><annotation encoding=""application/x-tex"">B</annotation></semantics></math></span><span class=""katex-html"" aria-hidden=""true""><span class=""katex-base""><span class=""katex-strut"" style=""height: 0.6833em;""></span><span style=""margin-right: 0.0502em;"" class=""mord mathnormal"">B</span></span></span></span></span> be a matrix of the same dimensions as <span><span class=""katex""><span class=""katex-mathml""><math xmlns=""http://www.w3.org/1998/Math/MathML""><semantics><mrow><mi>A</mi></mrow><annotation encoding=""application/x-tex"">A</annotation></semantics></math></span><span class=""katex-html"" aria-hidden=""true""><span class=""katex-base""><span class=""katex-strut"" style=""height: 0.6833em;""></span><span class=""mord mathnormal"">A</span></span></span></span></span>, where <span><span class=""katex""><span class=""katex-mathml""><math xmlns=""http://www.w3.org/1998/Math/MathML""><semantics><mrow><msub><mi>b</mi><mrow><mi>i</mi><mi>j</mi></mrow></msub><mo>∈</mo><mi mathvariant=""double-struck"">Z</mi><mo>∩</mo><mo stretchy=""false"">[</mo><mo>−</mo><mn>2025</mn><mo separator=""true"">,</mo><mn>2025</mn><mo stretchy=""false"">]</mo></mrow><annotation encoding=""application/x-tex"">b_{ij} \in \mathbb{Z} \cap [-2025, 2025]</annotation></semantics></math></span><span class=""katex-html"" aria-hidden=""true""><span class=""katex-base""><span class=""katex-strut"" style=""height: 0.9805em; vertical-align: -0.2861em;""></span><span class=""mord""><span class=""mord mathnormal"">b</span><span class=""msupsub""><span class=""vlist-t vlist-t2""><span class=""vlist-r""><span class=""vlist"" style=""height: 0.3117em;""><span class="""" style=""top: -2.55em; margin-left: 0em; margin-right: 0.05em;""><span class=""pstrut"" style=""height: 2.7em;""></span><span class=""katex-sizing reset-size6 size3 mtight""><span class=""mord mtight""><span style=""margin-right: 0.0572em;"" class=""mord mathnormal mtight"">ij</span></span></span></span></span><span class=""vlist-s"">​</span></span><span class=""vlist-r""><span class=""vlist"" style=""height: 0.2861em;""><span class=""""></span></span></span></span></span></span><span class=""mspace"" style=""margin-right: 0.2778em;""></span><span class=""mrel"">∈</span><span class=""mspace"" style=""margin-right: 0.2778em;""></span></span><span class=""katex-base""><span class=""katex-strut"" style=""height: 0.6889em;""></span><span class=""mord mathbb"">Z</span><span class=""mspace"" style=""margin-right: 0.2222em;""></span><span class=""mbin"">∩</span><span class=""mspace"" style=""margin-right: 0.2222em;""></span></span><span class=""katex-base""><span class=""katex-strut"" style=""height: 1em; vertical-align: -0.25em;""></span><span class=""mopen"">[</span><span class=""mord"">−</span><span class=""mord"">2025</span><span class=""mpunct"">,</span><span class=""mspace"" style=""margin-right: 0.1667em;""></span><span class=""mord"">2025</span><span class=""mclose"">]</span></span></span></span></span> for all <span><span class=""katex""><span class=""katex-mathml""><math xmlns=""http://www.w3.org/1998/Math/MathML""><semantics><mrow><mi>i</mi><mo separator=""true"">,</mo><mi>j</mi></mrow><annotation encoding=""application/x-tex"">i, j</annotation></semantics></math></span><span class=""katex-html"" aria-hidden=""true""><span class=""katex-base""><span class=""katex-strut"" style=""height: 0.854em; vertical-align: -0.1944em;""></span><span class=""mord mathnormal"">i</span><span class=""mpunct"">,</span><span class=""mspace"" style=""margin-right: 0.1667em;""></span><span style=""margin-right: 0.0572em;"" class=""mord mathnormal"">j</span></span></span></span></span>, such that the sum of the elements in each row and each column of <span><span class=""katex""><span class=""katex-mathml""><math xmlns=""http://www.w3.org/1998/Math/MathML""><semantics><mrow><mi>B</mi></mrow><annotation encoding=""application/x-tex"">B</annotation></semantics></math></span><span class=""katex-html"" aria-hidden=""true""><span class=""katex-base""><span class=""katex-strut"" style=""height: 0.6833em;""></span><span style=""margin-right: 0.0502em;"" class=""mord mathnormal"">B</span></span></span></span></span> is equal to the corresponding row and column sum of <span><span class=""katex""><span class=""katex-mathml""><math xmlns=""http://www.w3.org/1998/Math/MathML""><semantics><mrow><mi>A</mi></mrow><annotation encoding=""application/x-tex"">A</annotation></semantics></math></span><span class=""katex-html"" aria-hidden=""true""><span class=""katex-base""><span class=""katex-strut"" style=""height: 0.6833em;""></span><span class=""mord mathnormal"">A</span></span></span></span></span>.<br><br>Determine the number of such matrices <span><span class=""katex""><span class=""katex-mathml""><math xmlns=""http://www.w3.org/1998/Math/MathML""><semantics><mrow><mi>B</mi></mrow><annotation encoding=""application/x-tex"">B</annotation></semantics></math></span><span class=""katex-html"" aria-hidden=""true""><span class=""katex-base""><span class=""katex-strut"" style=""height: 0.6833em;""></span><span style=""margin-right: 0.0502em;"" class=""mord mathnormal"">B</span></span></span></span></span>."
70a38f46-a33f-4d43-8ac7-f26911aa8b19,"How many triplets of integers \(x, y, z\) satisfy
\[x^2 = yz + 4 \quad \text{and} \quad y^2 = zx + 4.\]",null,"SRMC 2025, Prelims",{},2026-07-26 15:30:07.979389+00,null,1.13 — 2 eqns,"How many triplets of integers <span><span class=""katex""><span class=""katex-mathml""><math xmlns=""http://www.w3.org/1998/Math/MathML""><semantics><mrow><mi>x</mi><mo separator=""true"">,</mo><mi>y</mi><mo separator=""true"">,</mo><mi>z</mi></mrow><annotation encoding=""application/x-tex"">x, y, z</annotation></semantics></math></span><span class=""katex-html"" aria-hidden=""true""><span class=""katex-base""><span class=""katex-strut"" style=""height: 0.625em; vertical-align: -0.1944em;""></span><span class=""mord mathnormal"">x</span><span class=""mpunct"">,</span><span class=""mspace"" style=""margin-right: 0.1667em;""></span><span style=""margin-right: 0.0359em;"" class=""mord mathnormal"">y</span><span class=""mpunct"">,</span><span class=""mspace"" style=""margin-right: 0.1667em;""></span><span style=""margin-right: 0.044em;"" class=""mord mathnormal"">z</span></span></span></span></span> satisfy
<span><span class=""katex-display""><span class=""katex""><span class=""katex-mathml""><math xmlns=""http://www.w3.org/1998/Math/MathML"" display=""block""><semantics><mrow><msup><mi>x</mi><mn>2</mn></msup><mo>=</mo><mi>y</mi><mi>z</mi><mo>+</mo><mn>4</mn><mspace width=""1em""></mspace><mtext>and</mtext><mspace width=""1em""></mspace><msup><mi>y</mi><mn>2</mn></msup><mo>=</mo><mi>z</mi><mi>x</mi><mo>+</mo><mn>4.</mn></mrow><annotation encoding=""application/x-tex"">x^2 = yz + 4 \quad \text{and} \quad y^2 = zx + 4.</annotation></semantics></math></span><span class=""katex-html"" aria-hidden=""true""><span class=""katex-base""><span class=""katex-strut"" style=""height: 0.8641em;""></span><span class=""mord""><span class=""mord mathnormal"">x</span><span class=""msupsub""><span class=""vlist-t""><span class=""vlist-r""><span class=""vlist"" style=""height: 0.8641em;""><span class="""" style=""top: -3.113em; margin-right: 0.05em;""><span class=""pstrut"" style=""height: 2.7em;""></span><span class=""katex-sizing reset-size6 size3 mtight""><span class=""mord mtight"">2</span></span></span></span></span></span></span></span><span class=""mspace"" style=""margin-right: 0.2778em;""></span><span class=""mrel"">=</span><span class=""mspace"" style=""margin-right: 0.2778em;""></span></span><span class=""katex-base""><span class=""katex-strut"" style=""height: 0.7778em; vertical-align: -0.1944em;""></span><span style=""margin-right: 0.0359em;"" class=""mord mathnormal"">y</span><span style=""margin-right: 0.044em;"" class=""mord mathnormal"">z</span><span class=""mspace"" style=""margin-right: 0.2222em;""></span><span class=""mbin"">+</span><span class=""mspace"" style=""margin-right: 0.2222em;""></span></span><span class=""katex-base""><span class=""katex-strut"" style=""height: 1.0585em; vertical-align: -0.1944em;""></span><span class=""mord"">4</span><span class=""mspace"" style=""margin-right: 1em;""></span><span class=""mord text""><span class=""mord"">and</span></span><span class=""mspace"" style=""margin-right: 1em;""></span><span class=""mord""><span style=""margin-right: 0.0359em;"" class=""mord mathnormal"">y</span><span class=""msupsub""><span class=""vlist-t""><span class=""vlist-r""><span class=""vlist"" style=""height: 0.8641em;""><span class="""" style=""top: -3.113em; margin-right: 0.05em;""><span class=""pstrut"" style=""height: 2.7em;""></span><span class=""katex-sizing reset-size6 size3 mtight""><span class=""mord mtight"">2</span></span></span></span></span></span></span></span><span class=""mspace"" style=""margin-right: 0.2778em;""></span><span class=""mrel"">=</span><span class=""mspace"" style=""margin-right: 0.2778em;""></span></span><span class=""katex-base""><span class=""katex-strut"" style=""height: 0.6667em; vertical-align: -0.0833em;""></span><span style=""margin-right: 0.044em;"" class=""mord mathnormal"">z</span><span class=""mord mathnormal"">x</span><span class=""mspace"" style=""margin-right: 0.2222em;""></span><span class=""mbin"">+</span><span class=""mspace"" style=""margin-right: 0.2222em;""></span></span><span class=""katex-base""><span class=""katex-strut"" style=""height: 0.6444em;""></span><span class=""mord"">4.</span></span></span></span></span></span>"
f5252d50-3858-48de-b5fe-b3710e85d69a,"Let
\[f(x) = \int_0^x \left(1 + \frac{t^6}{6!} + \frac{t^{12}}{12!} + \cdots \right) dt.\]
Find the value of \(f\left(\frac{\pi}{\sqrt{3}}\right)\) with the precision of two digits, and give the answer as \(100 \times f\left(\frac{\pi}{\sqrt{3}}\right)\).<br><br>You may use the approximations:
\[\cosh\left(\frac{\pi}{\sqrt{3}}\right) \approx \sqrt{8}, \quad \cosh\left(\frac{\pi}{2\sqrt{3}}\right) \approx 1.44.\]
Do not substitute in any approximations until you have an explicit expression for \(f\left(\frac{\pi}{\sqrt{3}}\right)\).<br><br>Recall the definitions:
\[\cosh(x) = \frac{e^x + e^{-x}}{2}, \quad \sinh(x) = \frac{e^x - e^{-x}}{2}.\]",null,"SRMC 2025, Prelims",{},2026-07-26 15:30:08.056198+00,null,1.14 — Think Complex,"Let
<span><span class=""katex-display""><span class=""katex""><span class=""katex-mathml""><math xmlns=""http://www.w3.org/1998/Math/MathML"" display=""block""><semantics><mrow><mi>f</mi><mo stretchy=""false"">(</mo><mi>x</mi><mo stretchy=""false"">)</mo><mo>=</mo><msubsup><mo>∫</mo><mn>0</mn><mi>x</mi></msubsup><mrow><mo fence=""true"">(</mo><mn>1</mn><mo>+</mo><mfrac><msup><mi>t</mi><mn>6</mn></msup><mrow><mn>6</mn><mo stretchy=""false"">!</mo></mrow></mfrac><mo>+</mo><mfrac><msup><mi>t</mi><mn>12</mn></msup><mrow><mn>12</mn><mo stretchy=""false"">!</mo></mrow></mfrac><mo>+</mo><mo>⋯</mo> <mo fence=""true"">)</mo></mrow><mi>d</mi><mi>t</mi><mi mathvariant=""normal"">.</mi></mrow><annotation encoding=""application/x-tex"">f(x) = \int_0^x \left(1 + \frac{t^6}{6!} + \frac{t^{12}}{12!} + \cdots \right) dt.</annotation></semantics></math></span><span class=""katex-html"" aria-hidden=""true""><span class=""katex-base""><span class=""katex-strut"" style=""height: 1em; vertical-align: -0.25em;""></span><span style=""margin-right: 0.1076em;"" class=""mord mathnormal"">f</span><span class=""mopen"">(</span><span class=""mord mathnormal"">x</span><span class=""mclose"">)</span><span class=""mspace"" style=""margin-right: 0.2778em;""></span><span class=""mrel"">=</span><span class=""mspace"" style=""margin-right: 0.2778em;""></span></span><span class=""katex-base""><span class=""katex-strut"" style=""height: 2.4411em; vertical-align: -0.95em;""></span><span class=""mop""><span style=""margin-right: 0.4445em; position: relative; top: -0.0011em;"" class=""mop op-symbol large-op"">∫</span><span class=""msupsub""><span class=""vlist-t vlist-t2""><span class=""vlist-r""><span class=""vlist"" style=""height: 1.4143em;""><span class="""" style=""top: -1.7881em; margin-left: -0.4445em; margin-right: 0.05em;""><span class=""pstrut"" style=""height: 2.7em;""></span><span class=""katex-sizing reset-size6 size3 mtight""><span class=""mord mtight"">0</span></span></span><span class="""" style=""top: -3.8129em; margin-right: 0.05em;""><span class=""pstrut"" style=""height: 2.7em;""></span><span class=""katex-sizing reset-size6 size3 mtight""><span class=""mord mathnormal mtight"">x</span></span></span></span><span class=""vlist-s"">​</span></span><span class=""vlist-r""><span class=""vlist"" style=""height: 0.9119em;""><span class=""""></span></span></span></span></span></span><span class=""mspace"" style=""margin-right: 0.1667em;""></span><span class=""minner""><span class=""mopen delimcenter"" style=""top: 0em;""><span class=""delimsizing size3"">(</span></span><span class=""mord"">1</span><span class=""mspace"" style=""margin-right: 0.2222em;""></span><span class=""mbin"">+</span><span class=""mspace"" style=""margin-right: 0.2222em;""></span><span class=""mord""><span class=""mopen nulldelimiter""></span><span class=""mfrac""><span class=""vlist-t vlist-t2""><span class=""vlist-r""><span class=""vlist"" style=""height: 1.4911em;""><span class="""" style=""top: -2.314em;""><span class=""pstrut"" style=""height: 3em;""></span><span class=""mord""><span class=""mord"">6</span><span class=""mclose"">!</span></span></span><span class="""" style=""top: -3.23em;""><span class=""pstrut"" style=""height: 3em;""></span><span class=""frac-line"" style=""border-bottom-width: 0.04em;""></span></span><span class="""" style=""top: -3.677em;""><span class=""pstrut"" style=""height: 3em;""></span><span class=""mord""><span class=""mord""><span class=""mord mathnormal"">t</span><span class=""msupsub""><span class=""vlist-t""><span class=""vlist-r""><span class=""vlist"" style=""height: 0.8141em;""><span class="""" style=""top: -3.063em; margin-right: 0.05em;""><span class=""pstrut"" style=""height: 2.7em;""></span><span class=""katex-sizing reset-size6 size3 mtight""><span class=""mord mtight"">6</span></span></span></span></span></span></span></span></span></span></span><span class=""vlist-s"">​</span></span><span class=""vlist-r""><span class=""vlist"" style=""height: 0.686em;""><span class=""""></span></span></span></span></span><span class=""mclose nulldelimiter""></span></span><span class=""mspace"" style=""margin-right: 0.2222em;""></span><span class=""mbin"">+</span><span class=""mspace"" style=""margin-right: 0.2222em;""></span><span class=""mord""><span class=""mopen nulldelimiter""></span><span class=""mfrac""><span class=""vlist-t vlist-t2""><span class=""vlist-r""><span class=""vlist"" style=""height: 1.4911em;""><span class="""" style=""top: -2.314em;""><span class=""pstrut"" style=""height: 3em;""></span><span class=""mord""><span class=""mord"">12</span><span class=""mclose"">!</span></span></span><span class="""" style=""top: -3.23em;""><span class=""pstrut"" style=""height: 3em;""></span><span class=""frac-line"" style=""border-bottom-width: 0.04em;""></span></span><span class="""" style=""top: -3.677em;""><span class=""pstrut"" style=""height: 3em;""></span><span class=""mord""><span class=""mord""><span class=""mord mathnormal"">t</span><span class=""msupsub""><span class=""vlist-t""><span class=""vlist-r""><span class=""vlist"" style=""height: 0.8141em;""><span class="""" style=""top: -3.063em; margin-right: 0.05em;""><span class=""pstrut"" style=""height: 2.7em;""></span><span class=""katex-sizing reset-size6 size3 mtight""><span class=""mord mtight""><span class=""mord mtight"">12</span></span></span></span></span></span></span></span></span></span></span></span><span class=""vlist-s"">​</span></span><span class=""vlist-r""><span class=""vlist"" style=""height: 0.686em;""><span class=""""></span></span></span></span></span><span class=""mclose nulldelimiter""></span></span><span class=""mspace"" style=""margin-right: 0.2222em;""></span><span class=""mbin"">+</span><span class=""mspace"" style=""margin-right: 0.2222em;""></span><span class=""minner"">⋯</span><span class=""mspace"" style=""margin-right: 0.1667em;""></span><span class=""mclose delimcenter"" style=""top: 0em;""><span class=""delimsizing size3"">)</span></span></span><span class=""mspace"" style=""margin-right: 0.1667em;""></span><span class=""mord mathnormal"">d</span><span class=""mord mathnormal"">t</span><span class=""mord"">.</span></span></span></span></span></span>
Find the value of <span><span class=""katex""><span class=""katex-mathml""><math xmlns=""http://www.w3.org/1998/Math/MathML""><semantics><mrow><mi>f</mi><mrow><mo fence=""true"">(</mo><mfrac><mi>π</mi><msqrt><mn>3</mn></msqrt></mfrac><mo fence=""true"">)</mo></mrow></mrow><annotation encoding=""application/x-tex"">f\left(\frac{\pi}{\sqrt{3}}\right)</annotation></semantics></math></span><span class=""katex-html"" aria-hidden=""true""><span class=""katex-base""><span class=""katex-strut"" style=""height: 1.8em; vertical-align: -0.65em;""></span><span style=""margin-right: 0.1076em;"" class=""mord mathnormal"">f</span><span class=""mspace"" style=""margin-right: 0.1667em;""></span><span class=""minner""><span class=""mopen delimcenter"" style=""top: 0em;""><span class=""delimsizing size2"">(</span></span><span class=""mord""><span class=""mopen nulldelimiter""></span><span class=""mfrac""><span class=""vlist-t vlist-t2""><span class=""vlist-r""><span class=""vlist"" style=""height: 0.6954em;""><span class="""" style=""top: -2.551em;""><span class=""pstrut"" style=""height: 3em;""></span><span class=""katex-sizing reset-size6 size3 mtight""><span class=""mord mtight""><span class=""mord sqrt mtight""><span class=""vlist-t vlist-t2""><span class=""vlist-r""><span class=""vlist"" style=""height: 0.9128em;""><span class=""svg-align"" style=""top: -3em;""><span class=""pstrut"" style=""height: 3em;""></span><span class=""mord mtight"" style=""padding-left: 0.833em;""><span class=""mord mtight"">3</span></span></span><span class="""" style=""top: -2.8728em;""><span class=""pstrut"" style=""height: 3em;""></span><span class=""hide-tail mtight"" style=""min-width: 0.853em; height: 1.08em;""><svg width=""400em"" height=""1.08em"" viewBox=""0 0 400000 1080"" preserveAspectRatio=""xMinYMin slice""><path d=""M95,702
c-2.7,0,-7.17,-2.7,-13.5,-8c-5.8,-5.3,-9.5,-10,-9.5,-14
c0,-2,0.3,-3.3,1,-4c1.3,-2.7,23.83,-20.7,67.5,-54
c44.2,-33.3,65.8,-50.3,66.5,-51c1.3,-1.3,3,-2,5,-2c4.7,0,8.7,3.3,12,10
s173,378,173,378c0.7,0,35.3,-71,104,-213c68.7,-142,137.5,-285,206.5,-429
c69,-144,104.5,-217.7,106.5,-221
l0 -0
c5.3,-9.3,12,-14,20,-14
H400000v40H845.2724
s-225.272,467,-225.272,467s-235,486,-235,486c-2.7,4.7,-9,7,-19,7
c-6,0,-10,-1,-12,-3s-194,-422,-194,-422s-65,47,-65,47z
M834 80h400000v40h-400000z""></path></svg></span></span></span><span class=""vlist-s"">​</span></span><span class=""vlist-r""><span class=""vlist"" style=""height: 0.1272em;""><span class=""""></span></span></span></span></span></span></span></span><span class="""" style=""top: -3.23em;""><span class=""pstrut"" style=""height: 3em;""></span><span class=""frac-line"" style=""border-bottom-width: 0.04em;""></span></span><span class="""" style=""top: -3.394em;""><span class=""pstrut"" style=""height: 3em;""></span><span class=""katex-sizing reset-size6 size3 mtight""><span class=""mord mtight""><span style=""margin-right: 0.0359em;"" class=""mord mathnormal mtight"">π</span></span></span></span></span><span class=""vlist-s"">​</span></span><span class=""vlist-r""><span class=""vlist"" style=""height: 0.538em;""><span class=""""></span></span></span></span></span><span class=""mclose nulldelimiter""></span></span><span class=""mclose delimcenter"" style=""top: 0em;""><span class=""delimsizing size2"">)</span></span></span></span></span></span></span> with the precision of two digits, and give the answer as <span><span class=""katex""><span class=""katex-mathml""><math xmlns=""http://www.w3.org/1998/Math/MathML""><semantics><mrow><mn>100</mn><mo>×</mo><mi>f</mi><mrow><mo fence=""true"">(</mo><mfrac><mi>π</mi><msqrt><mn>3</mn></msqrt></mfrac><mo fence=""true"">)</mo></mrow></mrow><annotation encoding=""application/x-tex"">100 \times f\left(\frac{\pi}{\sqrt{3}}\right)</annotation></semantics></math></span><span class=""katex-html"" aria-hidden=""true""><span class=""katex-base""><span class=""katex-strut"" style=""height: 0.7278em; vertical-align: -0.0833em;""></span><span class=""mord"">100</span><span class=""mspace"" style=""margin-right: 0.2222em;""></span><span class=""mbin"">×</span><span class=""mspace"" style=""margin-right: 0.2222em;""></span></span><span class=""katex-base""><span class=""katex-strut"" style=""height: 1.8em; vertical-align: -0.65em;""></span><span style=""margin-right: 0.1076em;"" class=""mord mathnormal"">f</span><span class=""mspace"" style=""margin-right: 0.1667em;""></span><span class=""minner""><span class=""mopen delimcenter"" style=""top: 0em;""><span class=""delimsizing size2"">(</span></span><span class=""mord""><span class=""mopen nulldelimiter""></span><span class=""mfrac""><span class=""vlist-t vlist-t2""><span class=""vlist-r""><span class=""vlist"" style=""height: 0.6954em;""><span class="""" style=""top: -2.551em;""><span class=""pstrut"" style=""height: 3em;""></span><span class=""katex-sizing reset-size6 size3 mtight""><span class=""mord mtight""><span class=""mord sqrt mtight""><span class=""vlist-t vlist-t2""><span class=""vlist-r""><span class=""vlist"" style=""height: 0.9128em;""><span class=""svg-align"" style=""top: -3em;""><span class=""pstrut"" style=""height: 3em;""></span><span class=""mord mtight"" style=""padding-left: 0.833em;""><span class=""mord mtight"">3</span></span></span><span class="""" style=""top: -2.8728em;""><span class=""pstrut"" style=""height: 3em;""></span><span class=""hide-tail mtight"" style=""min-width: 0.853em; height: 1.08em;""><svg width=""400em"" height=""1.08em"" viewBox=""0 0 400000 1080"" preserveAspectRatio=""xMinYMin slice""><path d=""M95,702
c-2.7,0,-7.17,-2.7,-13.5,-8c-5.8,-5.3,-9.5,-10,-9.5,-14
c0,-2,0.3,-3.3,1,-4c1.3,-2.7,23.83,-20.7,67.5,-54
c44.2,-33.3,65.8,-50.3,66.5,-51c1.3,-1.3,3,-2,5,-2c4.7,0,8.7,3.3,12,10
s173,378,173,378c0.7,0,35.3,-71,104,-213c68.7,-142,137.5,-285,206.5,-429
c69,-144,104.5,-217.7,106.5,-221
l0 -0
c5.3,-9.3,12,-14,20,-14
H400000v40H845.2724
s-225.272,467,-225.272,467s-235,486,-235,486c-2.7,4.7,-9,7,-19,7
c-6,0,-10,-1,-12,-3s-194,-422,-194,-422s-65,47,-65,47z
M834 80h400000v40h-400000z""></path></svg></span></span></span><span class=""vlist-s"">​</span></span><span class=""vlist-r""><span class=""vlist"" style=""height: 0.1272em;""><span class=""""></span></span></span></span></span></span></span></span><span class="""" style=""top: -3.23em;""><span class=""pstrut"" style=""height: 3em;""></span><span class=""frac-line"" style=""border-bottom-width: 0.04em;""></span></span><span class="""" style=""top: -3.394em;""><span class=""pstrut"" style=""height: 3em;""></span><span class=""katex-sizing reset-size6 size3 mtight""><span class=""mord mtight""><span style=""margin-right: 0.0359em;"" class=""mord mathnormal mtight"">π</span></span></span></span></span><span class=""vlist-s"">​</span></span><span class=""vlist-r""><span class=""vlist"" style=""height: 0.538em;""><span class=""""></span></span></span></span></span><span class=""mclose nulldelimiter""></span></span><span class=""mclose delimcenter"" style=""top: 0em;""><span class=""delimsizing size2"">)</span></span></span></span></span></span></span>.<br><br>You may use the approximations:
<span><span class=""katex-display""><span class=""katex""><span class=""katex-mathml""><math xmlns=""http://www.w3.org/1998/Math/MathML"" display=""block""><semantics><mrow><mi>cosh</mi><mo>⁡</mo><mrow><mo fence=""true"">(</mo><mfrac><mi>π</mi><msqrt><mn>3</mn></msqrt></mfrac><mo fence=""true"">)</mo></mrow><mo>≈</mo><msqrt><mn>8</mn></msqrt><mo separator=""true"">,</mo><mspace width=""1em""></mspace><mi>cosh</mi><mo>⁡</mo><mrow><mo fence=""true"">(</mo><mfrac><mi>π</mi><mrow><mn>2</mn><msqrt><mn>3</mn></msqrt></mrow></mfrac><mo fence=""true"">)</mo></mrow><mo>≈</mo><mn>1.44.</mn></mrow><annotation encoding=""application/x-tex"">\cosh\left(\frac{\pi}{\sqrt{3}}\right) \approx \sqrt{8}, \quad \cosh\left(\frac{\pi}{2\sqrt{3}}\right) \approx 1.44.</annotation></semantics></math></span><span class=""katex-html"" aria-hidden=""true""><span class=""katex-base""><span class=""katex-strut"" style=""height: 2.4em; vertical-align: -0.95em;""></span><span class=""mop"">cosh</span><span class=""mspace"" style=""margin-right: 0.1667em;""></span><span class=""minner""><span class=""mopen delimcenter"" style=""top: 0em;""><span class=""delimsizing size3"">(</span></span><span class=""mord""><span class=""mopen nulldelimiter""></span><span class=""mfrac""><span class=""vlist-t vlist-t2""><span class=""vlist-r""><span class=""vlist"" style=""height: 1.1076em;""><span class="""" style=""top: -2.2028em;""><span class=""pstrut"" style=""height: 3em;""></span><span class=""mord""><span class=""mord sqrt""><span class=""vlist-t vlist-t2""><span class=""vlist-r""><span class=""vlist"" style=""height: 0.9072em;""><span class=""svg-align"" style=""top: -3em;""><span class=""pstrut"" style=""height: 3em;""></span><span class=""mord"" style=""padding-left: 0.833em;""><span class=""mord"">3</span></span></span><span class="""" style=""top: -2.8672em;""><span class=""pstrut"" style=""height: 3em;""></span><span class=""hide-tail"" style=""min-width: 0.853em; height: 1.08em;""><svg width=""400em"" height=""1.08em"" viewBox=""0 0 400000 1080"" preserveAspectRatio=""xMinYMin slice""><path d=""M95,702
c-2.7,0,-7.17,-2.7,-13.5,-8c-5.8,-5.3,-9.5,-10,-9.5,-14
c0,-2,0.3,-3.3,1,-4c1.3,-2.7,23.83,-20.7,67.5,-54
c44.2,-33.3,65.8,-50.3,66.5,-51c1.3,-1.3,3,-2,5,-2c4.7,0,8.7,3.3,12,10
s173,378,173,378c0.7,0,35.3,-71,104,-213c68.7,-142,137.5,-285,206.5,-429
c69,-144,104.5,-217.7,106.5,-221
l0 -0
c5.3,-9.3,12,-14,20,-14
H400000v40H845.2724
s-225.272,467,-225.272,467s-235,486,-235,486c-2.7,4.7,-9,7,-19,7
c-6,0,-10,-1,-12,-3s-194,-422,-194,-422s-65,47,-65,47z
M834 80h400000v40h-400000z""></path></svg></span></span></span><span class=""vlist-s"">​</span></span><span class=""vlist-r""><span class=""vlist"" style=""height: 0.1328em;""><span class=""""></span></span></span></span></span></span></span><span class="""" style=""top: -3.23em;""><span class=""pstrut"" style=""height: 3em;""></span><span class=""frac-line"" style=""border-bottom-width: 0.04em;""></span></span><span class="""" style=""top: -3.677em;""><span class=""pstrut"" style=""height: 3em;""></span><span class=""mord""><span style=""margin-right: 0.0359em;"" class=""mord mathnormal"">π</span></span></span></span><span class=""vlist-s"">​</span></span><span class=""vlist-r""><span class=""vlist"" style=""height: 0.93em;""><span class=""""></span></span></span></span></span><span class=""mclose nulldelimiter""></span></span><span class=""mclose delimcenter"" style=""top: 0em;""><span class=""delimsizing size3"">)</span></span></span><span class=""mspace"" style=""margin-right: 0.2778em;""></span><span class=""mrel"">≈</span><span class=""mspace"" style=""margin-right: 0.2778em;""></span></span><span class=""katex-base""><span class=""katex-strut"" style=""height: 2.4em; vertical-align: -0.95em;""></span><span class=""mord sqrt""><span class=""vlist-t vlist-t2""><span class=""vlist-r""><span class=""vlist"" style=""height: 0.9561em;""><span class=""svg-align"" style=""top: -3em;""><span class=""pstrut"" style=""height: 3em;""></span><span class=""mord"" style=""padding-left: 0.833em;""><span class=""mord"">8</span></span></span><span class="""" style=""top: -2.9161em;""><span class=""pstrut"" style=""height: 3em;""></span><span class=""hide-tail"" style=""min-width: 0.853em; height: 1.08em;""><svg width=""400em"" height=""1.08em"" viewBox=""0 0 400000 1080"" preserveAspectRatio=""xMinYMin slice""><path d=""M95,702
c-2.7,0,-7.17,-2.7,-13.5,-8c-5.8,-5.3,-9.5,-10,-9.5,-14
c0,-2,0.3,-3.3,1,-4c1.3,-2.7,23.83,-20.7,67.5,-54
c44.2,-33.3,65.8,-50.3,66.5,-51c1.3,-1.3,3,-2,5,-2c4.7,0,8.7,3.3,12,10
s173,378,173,378c0.7,0,35.3,-71,104,-213c68.7,-142,137.5,-285,206.5,-429
c69,-144,104.5,-217.7,106.5,-221
l0 -0
c5.3,-9.3,12,-14,20,-14
H400000v40H845.2724
s-225.272,467,-225.272,467s-235,486,-235,486c-2.7,4.7,-9,7,-19,7
c-6,0,-10,-1,-12,-3s-194,-422,-194,-422s-65,47,-65,47z
M834 80h400000v40h-400000z""></path></svg></span></span></span><span class=""vlist-s"">​</span></span><span class=""vlist-r""><span class=""vlist"" style=""height: 0.0839em;""><span class=""""></span></span></span></span></span><span class=""mpunct"">,</span><span class=""mspace"" style=""margin-right: 1em;""></span><span class=""mspace"" style=""margin-right: 0.1667em;""></span><span class=""mop"">cosh</span><span class=""mspace"" style=""margin-right: 0.1667em;""></span><span class=""minner""><span class=""mopen delimcenter"" style=""top: 0em;""><span class=""delimsizing size3"">(</span></span><span class=""mord""><span class=""mopen nulldelimiter""></span><span class=""mfrac""><span class=""vlist-t vlist-t2""><span class=""vlist-r""><span class=""vlist"" style=""height: 1.1076em;""><span class="""" style=""top: -2.2028em;""><span class=""pstrut"" style=""height: 3em;""></span><span class=""mord""><span class=""mord"">2</span><span class=""mord sqrt""><span class=""vlist-t vlist-t2""><span class=""vlist-r""><span class=""vlist"" style=""height: 0.9072em;""><span class=""svg-align"" style=""top: -3em;""><span class=""pstrut"" style=""height: 3em;""></span><span class=""mord"" style=""padding-left: 0.833em;""><span class=""mord"">3</span></span></span><span class="""" style=""top: -2.8672em;""><span class=""pstrut"" style=""height: 3em;""></span><span class=""hide-tail"" style=""min-width: 0.853em; height: 1.08em;""><svg width=""400em"" height=""1.08em"" viewBox=""0 0 400000 1080"" preserveAspectRatio=""xMinYMin slice""><path d=""M95,702
c-2.7,0,-7.17,-2.7,-13.5,-8c-5.8,-5.3,-9.5,-10,-9.5,-14
c0,-2,0.3,-3.3,1,-4c1.3,-2.7,23.83,-20.7,67.5,-54
c44.2,-33.3,65.8,-50.3,66.5,-51c1.3,-1.3,3,-2,5,-2c4.7,0,8.7,3.3,12,10
s173,378,173,378c0.7,0,35.3,-71,104,-213c68.7,-142,137.5,-285,206.5,-429
c69,-144,104.5,-217.7,106.5,-221
l0 -0
c5.3,-9.3,12,-14,20,-14
H400000v40H845.2724
s-225.272,467,-225.272,467s-235,486,-235,486c-2.7,4.7,-9,7,-19,7
c-6,0,-10,-1,-12,-3s-194,-422,-194,-422s-65,47,-65,47z
M834 80h400000v40h-400000z""></path></svg></span></span></span><span class=""vlist-s"">​</span></span><span class=""vlist-r""><span class=""vlist"" style=""height: 0.1328em;""><span class=""""></span></span></span></span></span></span></span><span class="""" style=""top: -3.23em;""><span class=""pstrut"" style=""height: 3em;""></span><span class=""frac-line"" style=""border-bottom-width: 0.04em;""></span></span><span class="""" style=""top: -3.677em;""><span class=""pstrut"" style=""height: 3em;""></span><span class=""mord""><span style=""margin-right: 0.0359em;"" class=""mord mathnormal"">π</span></span></span></span><span class=""vlist-s"">​</span></span><span class=""vlist-r""><span class=""vlist"" style=""height: 0.93em;""><span class=""""></span></span></span></span></span><span class=""mclose nulldelimiter""></span></span><span class=""mclose delimcenter"" style=""top: 0em;""><span class=""delimsizing size3"">)</span></span></span><span class=""mspace"" style=""margin-right: 0.2778em;""></span><span class=""mrel"">≈</span><span class=""mspace"" style=""margin-right: 0.2778em;""></span></span><span class=""katex-base""><span class=""katex-strut"" style=""height: 0.6444em;""></span><span class=""mord"">1.44.</span></span></span></span></span></span>
Do not substitute in any approximations until you have an explicit expression for <span><span class=""katex""><span class=""katex-mathml""><math xmlns=""http://www.w3.org/1998/Math/MathML""><semantics><mrow><mi>f</mi><mrow><mo fence=""true"">(</mo><mfrac><mi>π</mi><msqrt><mn>3</mn></msqrt></mfrac><mo fence=""true"">)</mo></mrow></mrow><annotation encoding=""application/x-tex"">f\left(\frac{\pi}{\sqrt{3}}\right)</annotation></semantics></math></span><span class=""katex-html"" aria-hidden=""true""><span class=""katex-base""><span class=""katex-strut"" style=""height: 1.8em; vertical-align: -0.65em;""></span><span style=""margin-right: 0.1076em;"" class=""mord mathnormal"">f</span><span class=""mspace"" style=""margin-right: 0.1667em;""></span><span class=""minner""><span class=""mopen delimcenter"" style=""top: 0em;""><span class=""delimsizing size2"">(</span></span><span class=""mord""><span class=""mopen nulldelimiter""></span><span class=""mfrac""><span class=""vlist-t vlist-t2""><span class=""vlist-r""><span class=""vlist"" style=""height: 0.6954em;""><span class="""" style=""top: -2.551em;""><span class=""pstrut"" style=""height: 3em;""></span><span class=""katex-sizing reset-size6 size3 mtight""><span class=""mord mtight""><span class=""mord sqrt mtight""><span class=""vlist-t vlist-t2""><span class=""vlist-r""><span class=""vlist"" style=""height: 0.9128em;""><span class=""svg-align"" style=""top: -3em;""><span class=""pstrut"" style=""height: 3em;""></span><span class=""mord mtight"" style=""padding-left: 0.833em;""><span class=""mord mtight"">3</span></span></span><span class="""" style=""top: -2.8728em;""><span class=""pstrut"" style=""height: 3em;""></span><span class=""hide-tail mtight"" style=""min-width: 0.853em; height: 1.08em;""><svg width=""400em"" height=""1.08em"" viewBox=""0 0 400000 1080"" preserveAspectRatio=""xMinYMin slice""><path d=""M95,702
c-2.7,0,-7.17,-2.7,-13.5,-8c-5.8,-5.3,-9.5,-10,-9.5,-14
c0,-2,0.3,-3.3,1,-4c1.3,-2.7,23.83,-20.7,67.5,-54
c44.2,-33.3,65.8,-50.3,66.5,-51c1.3,-1.3,3,-2,5,-2c4.7,0,8.7,3.3,12,10
s173,378,173,378c0.7,0,35.3,-71,104,-213c68.7,-142,137.5,-285,206.5,-429
c69,-144,104.5,-217.7,106.5,-221
l0 -0
c5.3,-9.3,12,-14,20,-14
H400000v40H845.2724
s-225.272,467,-225.272,467s-235,486,-235,486c-2.7,4.7,-9,7,-19,7
c-6,0,-10,-1,-12,-3s-194,-422,-194,-422s-65,47,-65,47z
M834 80h400000v40h-400000z""></path></svg></span></span></span><span class=""vlist-s"">​</span></span><span class=""vlist-r""><span class=""vlist"" style=""height: 0.1272em;""><span class=""""></span></span></span></span></span></span></span></span><span class="""" style=""top: -3.23em;""><span class=""pstrut"" style=""height: 3em;""></span><span class=""frac-line"" style=""border-bottom-width: 0.04em;""></span></span><span class="""" style=""top: -3.394em;""><span class=""pstrut"" style=""height: 3em;""></span><span class=""katex-sizing reset-size6 size3 mtight""><span class=""mord mtight""><span style=""margin-right: 0.0359em;"" class=""mord mathnormal mtight"">π</span></span></span></span></span><span class=""vlist-s"">​</span></span><span class=""vlist-r""><span class=""vlist"" style=""height: 0.538em;""><span class=""""></span></span></span></span></span><span class=""mclose nulldelimiter""></span></span><span class=""mclose delimcenter"" style=""top: 0em;""><span class=""delimsizing size2"">)</span></span></span></span></span></span></span>.<br><br>Recall the definitions:
<span><span class=""katex-display""><span class=""katex""><span class=""katex-mathml""><math xmlns=""http://www.w3.org/1998/Math/MathML"" display=""block""><semantics><mrow><mi>cosh</mi><mo>⁡</mo><mo stretchy=""false"">(</mo><mi>x</mi><mo stretchy=""false"">)</mo><mo>=</mo><mfrac><mrow><msup><mi>e</mi><mi>x</mi></msup><mo>+</mo><msup><mi>e</mi><mrow><mo>−</mo><mi>x</mi></mrow></msup></mrow><mn>2</mn></mfrac><mo separator=""true"">,</mo><mspace width=""1em""></mspace><mi>sinh</mi><mo>⁡</mo><mo stretchy=""false"">(</mo><mi>x</mi><mo stretchy=""false"">)</mo><mo>=</mo><mfrac><mrow><msup><mi>e</mi><mi>x</mi></msup><mo>−</mo><msup><mi>e</mi><mrow><mo>−</mo><mi>x</mi></mrow></msup></mrow><mn>2</mn></mfrac><mi mathvariant=""normal"">.</mi></mrow><annotation encoding=""application/x-tex"">\cosh(x) = \frac{e^x + e^{-x}}{2}, \quad \sinh(x) = \frac{e^x - e^{-x}}{2}.</annotation></semantics></math></span><span class=""katex-html"" aria-hidden=""true""><span class=""katex-base""><span class=""katex-strut"" style=""height: 1em; vertical-align: -0.25em;""></span><span class=""mop"">cosh</span><span class=""mopen"">(</span><span class=""mord mathnormal"">x</span><span class=""mclose"">)</span><span class=""mspace"" style=""margin-right: 0.2778em;""></span><span class=""mrel"">=</span><span class=""mspace"" style=""margin-right: 0.2778em;""></span></span><span class=""katex-base""><span class=""katex-strut"" style=""height: 2.1343em; vertical-align: -0.686em;""></span><span class=""mord""><span class=""mopen nulldelimiter""></span><span class=""mfrac""><span class=""vlist-t vlist-t2""><span class=""vlist-r""><span class=""vlist"" style=""height: 1.4483em;""><span class="""" style=""top: -2.314em;""><span class=""pstrut"" style=""height: 3em;""></span><span class=""mord""><span class=""mord"">2</span></span></span><span class="""" style=""top: -3.23em;""><span class=""pstrut"" style=""height: 3em;""></span><span class=""frac-line"" style=""border-bottom-width: 0.04em;""></span></span><span class="""" style=""top: -3.677em;""><span class=""pstrut"" style=""height: 3em;""></span><span class=""mord""><span class=""mord""><span class=""mord mathnormal"">e</span><span class=""msupsub""><span class=""vlist-t""><span class=""vlist-r""><span class=""vlist"" style=""height: 0.6644em;""><span class="""" style=""top: -3.063em; margin-right: 0.05em;""><span class=""pstrut"" style=""height: 2.7em;""></span><span class=""katex-sizing reset-size6 size3 mtight""><span class=""mord mathnormal mtight"">x</span></span></span></span></span></span></span></span><span class=""mspace"" style=""margin-right: 0.2222em;""></span><span class=""mbin"">+</span><span class=""mspace"" style=""margin-right: 0.2222em;""></span><span class=""mord""><span class=""mord mathnormal"">e</span><span class=""msupsub""><span class=""vlist-t""><span class=""vlist-r""><span class=""vlist"" style=""height: 0.7713em;""><span class="""" style=""top: -3.063em; margin-right: 0.05em;""><span class=""pstrut"" style=""height: 2.7em;""></span><span class=""katex-sizing reset-size6 size3 mtight""><span class=""mord mtight""><span class=""mord mtight"">−</span><span class=""mord mathnormal mtight"">x</span></span></span></span></span></span></span></span></span></span></span></span><span class=""vlist-s"">​</span></span><span class=""vlist-r""><span class=""vlist"" style=""height: 0.686em;""><span class=""""></span></span></span></span></span><span class=""mclose nulldelimiter""></span></span><span class=""mpunct"">,</span><span class=""mspace"" style=""margin-right: 1em;""></span><span class=""mspace"" style=""margin-right: 0.1667em;""></span><span class=""mop"">sinh</span><span class=""mopen"">(</span><span class=""mord mathnormal"">x</span><span class=""mclose"">)</span><span class=""mspace"" style=""margin-right: 0.2778em;""></span><span class=""mrel"">=</span><span class=""mspace"" style=""margin-right: 0.2778em;""></span></span><span class=""katex-base""><span class=""katex-strut"" style=""height: 2.1343em; vertical-align: -0.686em;""></span><span class=""mord""><span class=""mopen nulldelimiter""></span><span class=""mfrac""><span class=""vlist-t vlist-t2""><span class=""vlist-r""><span class=""vlist"" style=""height: 1.4483em;""><span class="""" style=""top: -2.314em;""><span class=""pstrut"" style=""height: 3em;""></span><span class=""mord""><span class=""mord"">2</span></span></span><span class="""" style=""top: -3.23em;""><span class=""pstrut"" style=""height: 3em;""></span><span class=""frac-line"" style=""border-bottom-width: 0.04em;""></span></span><span class="""" style=""top: -3.677em;""><span class=""pstrut"" style=""height: 3em;""></span><span class=""mord""><span class=""mord""><span class=""mord mathnormal"">e</span><span class=""msupsub""><span class=""vlist-t""><span class=""vlist-r""><span class=""vlist"" style=""height: 0.6644em;""><span class="""" style=""top: -3.063em; margin-right: 0.05em;""><span class=""pstrut"" style=""height: 2.7em;""></span><span class=""katex-sizing reset-size6 size3 mtight""><span class=""mord mathnormal mtight"">x</span></span></span></span></span></span></span></span><span class=""mspace"" style=""margin-right: 0.2222em;""></span><span class=""mbin"">−</span><span class=""mspace"" style=""margin-right: 0.2222em;""></span><span class=""mord""><span class=""mord mathnormal"">e</span><span class=""msupsub""><span class=""vlist-t""><span class=""vlist-r""><span class=""vlist"" style=""height: 0.7713em;""><span class="""" style=""top: -3.063em; margin-right: 0.05em;""><span class=""pstrut"" style=""height: 2.7em;""></span><span class=""katex-sizing reset-size6 size3 mtight""><span class=""mord mtight""><span class=""mord mtight"">−</span><span class=""mord mathnormal mtight"">x</span></span></span></span></span></span></span></span></span></span></span></span><span class=""vlist-s"">​</span></span><span class=""vlist-r""><span class=""vlist"" style=""height: 0.686em;""><span class=""""></span></span></span></span></span><span class=""mclose nulldelimiter""></span></span><span class=""mord"">.</span></span></span></span></span></span>"
e78ab09c-fda2-4d30-905a-589a1d2825dd,"Pranjal has a collection of many triangles that follows this amazing property: For each triangle in this amazing collection, (call its sides \(a\), \(b\), and \(c\)), we can indefinitely keep constructing a triangle with sides \(s-a\), \(s-b\), and \(s-c\) where \(s\) is the semiperimeter of the triangle from which you are constructing.<br><br>For example, lets do the operations mentioned on the triangle with sides 6,7,9 and check if it can belong to Pranjal's collection: 6,7,9 (\(s=11\)) \(\to\) 2,4,5 (\(s=5.5\)) \(\to\) 3.5, 1.5, 0.5 (not a valid triangle). So, this triangle cannot be present in Pranjal's collection.<br><br>Pranjal picks a triangle at random from his collection. Whats the probability that the triangle he is holding is isosceles? If the probability as a percentage rounded off to the closest integer is \(N\%\), then report \(N\) as the answer.",null,"SRMC 2025, Prelims",{},2026-07-26 15:30:08.092697+00,null,1.15 — Interesting Geo qn,"Pranjal has a collection of many triangles that follows this amazing property: For each triangle in this amazing collection, (call its sides <span><span class=""katex""><span class=""katex-mathml""><math xmlns=""http://www.w3.org/1998/Math/MathML""><semantics><mrow><mi>a</mi></mrow><annotation encoding=""application/x-tex"">a</annotation></semantics></math></span><span class=""katex-html"" aria-hidden=""true""><span class=""katex-base""><span class=""katex-strut"" style=""height: 0.4306em;""></span><span class=""mord mathnormal"">a</span></span></span></span></span>, <span><span class=""katex""><span class=""katex-mathml""><math xmlns=""http://www.w3.org/1998/Math/MathML""><semantics><mrow><mi>b</mi></mrow><annotation encoding=""application/x-tex"">b</annotation></semantics></math></span><span class=""katex-html"" aria-hidden=""true""><span class=""katex-base""><span class=""katex-strut"" style=""height: 0.6944em;""></span><span class=""mord mathnormal"">b</span></span></span></span></span>, and <span><span class=""katex""><span class=""katex-mathml""><math xmlns=""http://www.w3.org/1998/Math/MathML""><semantics><mrow><mi>c</mi></mrow><annotation encoding=""application/x-tex"">c</annotation></semantics></math></span><span class=""katex-html"" aria-hidden=""true""><span class=""katex-base""><span class=""katex-strut"" style=""height: 0.4306em;""></span><span class=""mord mathnormal"">c</span></span></span></span></span>), we can indefinitely keep constructing a triangle with sides <span><span class=""katex""><span class=""katex-mathml""><math xmlns=""http://www.w3.org/1998/Math/MathML""><semantics><mrow><mi>s</mi><mo>−</mo><mi>a</mi></mrow><annotation encoding=""application/x-tex"">s-a</annotation></semantics></math></span><span class=""katex-html"" aria-hidden=""true""><span class=""katex-base""><span class=""katex-strut"" style=""height: 0.6667em; vertical-align: -0.0833em;""></span><span class=""mord mathnormal"">s</span><span class=""mspace"" style=""margin-right: 0.2222em;""></span><span class=""mbin"">−</span><span class=""mspace"" style=""margin-right: 0.2222em;""></span></span><span class=""katex-base""><span class=""katex-strut"" style=""height: 0.4306em;""></span><span class=""mord mathnormal"">a</span></span></span></span></span>, <span><span class=""katex""><span class=""katex-mathml""><math xmlns=""http://www.w3.org/1998/Math/MathML""><semantics><mrow><mi>s</mi><mo>−</mo><mi>b</mi></mrow><annotation encoding=""application/x-tex"">s-b</annotation></semantics></math></span><span class=""katex-html"" aria-hidden=""true""><span class=""katex-base""><span class=""katex-strut"" style=""height: 0.6667em; vertical-align: -0.0833em;""></span><span class=""mord mathnormal"">s</span><span class=""mspace"" style=""margin-right: 0.2222em;""></span><span class=""mbin"">−</span><span class=""mspace"" style=""margin-right: 0.2222em;""></span></span><span class=""katex-base""><span class=""katex-strut"" style=""height: 0.6944em;""></span><span class=""mord mathnormal"">b</span></span></span></span></span>, and <span><span class=""katex""><span class=""katex-mathml""><math xmlns=""http://www.w3.org/1998/Math/MathML""><semantics><mrow><mi>s</mi><mo>−</mo><mi>c</mi></mrow><annotation encoding=""application/x-tex"">s-c</annotation></semantics></math></span><span class=""katex-html"" aria-hidden=""true""><span class=""katex-base""><span class=""katex-strut"" style=""height: 0.6667em; vertical-align: -0.0833em;""></span><span class=""mord mathnormal"">s</span><span class=""mspace"" style=""margin-right: 0.2222em;""></span><span class=""mbin"">−</span><span class=""mspace"" style=""margin-right: 0.2222em;""></span></span><span class=""katex-base""><span class=""katex-strut"" style=""height: 0.4306em;""></span><span class=""mord mathnormal"">c</span></span></span></span></span> where <span><span class=""katex""><span class=""katex-mathml""><math xmlns=""http://www.w3.org/1998/Math/MathML""><semantics><mrow><mi>s</mi></mrow><annotation encoding=""application/x-tex"">s</annotation></semantics></math></span><span class=""katex-html"" aria-hidden=""true""><span class=""katex-base""><span class=""katex-strut"" style=""height: 0.4306em;""></span><span class=""mord mathnormal"">s</span></span></span></span></span> is the semiperimeter of the triangle from which you are constructing.<br><br>For example, lets do the operations mentioned on the triangle with sides 6,7,9 and check if it can belong to Pranjal's collection: 6,7,9 (<span><span class=""katex""><span class=""katex-mathml""><math xmlns=""http://www.w3.org/1998/Math/MathML""><semantics><mrow><mi>s</mi><mo>=</mo><mn>11</mn></mrow><annotation encoding=""application/x-tex"">s=11</annotation></semantics></math></span><span class=""katex-html"" aria-hidden=""true""><span class=""katex-base""><span class=""katex-strut"" style=""height: 0.4306em;""></span><span class=""mord mathnormal"">s</span><span class=""mspace"" style=""margin-right: 0.2778em;""></span><span class=""mrel"">=</span><span class=""mspace"" style=""margin-right: 0.2778em;""></span></span><span class=""katex-base""><span class=""katex-strut"" style=""height: 0.6444em;""></span><span class=""mord"">11</span></span></span></span></span>) <span><span class=""katex""><span class=""katex-mathml""><math xmlns=""http://www.w3.org/1998/Math/MathML""><semantics><mrow><mo>→</mo></mrow><annotation encoding=""application/x-tex"">\to</annotation></semantics></math></span><span class=""katex-html"" aria-hidden=""true""><span class=""katex-base""><span class=""katex-strut"" style=""height: 0.3669em;""></span><span class=""mrel"">→</span></span></span></span></span> 2,4,5 (<span><span class=""katex""><span class=""katex-mathml""><math xmlns=""http://www.w3.org/1998/Math/MathML""><semantics><mrow><mi>s</mi><mo>=</mo><mn>5.5</mn></mrow><annotation encoding=""application/x-tex"">s=5.5</annotation></semantics></math></span><span class=""katex-html"" aria-hidden=""true""><span class=""katex-base""><span class=""katex-strut"" style=""height: 0.4306em;""></span><span class=""mord mathnormal"">s</span><span class=""mspace"" style=""margin-right: 0.2778em;""></span><span class=""mrel"">=</span><span class=""mspace"" style=""margin-right: 0.2778em;""></span></span><span class=""katex-base""><span class=""katex-strut"" style=""height: 0.6444em;""></span><span class=""mord"">5.5</span></span></span></span></span>) <span><span class=""katex""><span class=""katex-mathml""><math xmlns=""http://www.w3.org/1998/Math/MathML""><semantics><mrow><mo>→</mo></mrow><annotation encoding=""application/x-tex"">\to</annotation></semantics></math></span><span class=""katex-html"" aria-hidden=""true""><span class=""katex-base""><span class=""katex-strut"" style=""height: 0.3669em;""></span><span class=""mrel"">→</span></span></span></span></span> 3.5, 1.5, 0.5 (not a valid triangle). So, this triangle cannot be present in Pranjal's collection.<br><br>Pranjal picks a triangle at random from his collection. Whats the probability that the triangle he is holding is isosceles? If the probability as a percentage rounded off to the closest integer is <span><span class=""katex""><span class=""katex-mathml""><math xmlns=""http://www.w3.org/1998/Math/MathML""><semantics><mrow><mi>N</mi><mi mathvariant=""normal"">%</mi></mrow><annotation encoding=""application/x-tex"">N\%</annotation></semantics></math></span><span class=""katex-html"" aria-hidden=""true""><span class=""katex-base""><span class=""katex-strut"" style=""height: 0.8056em; vertical-align: -0.0556em;""></span><span style=""margin-right: 0.109em;"" class=""mord mathnormal"">N</span><span class=""mord"">%</span></span></span></span></span>, then report <span><span class=""katex""><span class=""katex-mathml""><math xmlns=""http://www.w3.org/1998/Math/MathML""><semantics><mrow><mi>N</mi></mrow><annotation encoding=""application/x-tex"">N</annotation></semantics></math></span><span class=""katex-html"" aria-hidden=""true""><span class=""katex-base""><span class=""katex-strut"" style=""height: 0.6833em;""></span><span style=""margin-right: 0.109em;"" class=""mord mathnormal"">N</span></span></span></span></span> as the answer."
0d5f29c9-9315-4a44-bdd5-cc4f2323090d,"Consider a \(10 \times 10\) chessboard. It is known that the maximum number of non-attacking queens that can be placed on the board is 10. For each possible arrangement of 10 non-attacking queens, construct a \(10 \times 10\) matrix \(A\) such that \(A_{i,j} = 1\) if there is a queen in the \(i\)-th row and \(j\)-th column, and \(A_{i,j} = 0\) otherwise.<br><br>What is the sum of the determinants of all such matrices \(A\) corresponding to all possible non-attacking queen arrangements on the 10 × 10 chessboard? That is, compute
\[\sum_A \det(A),\]
where the sum is taken over all \(10 \times 10\) matrices \(A\) as described above.<br><br>(A queen is non-attacking if there is no other queen in its same row, column, or either diagonal)",null,"SRMC 2025, Prelims",{},2026-07-26 15:30:08.12903+00,null,1.16 — Chessboard chaos,"Consider a <span><span class=""katex""><span class=""katex-mathml""><math xmlns=""http://www.w3.org/1998/Math/MathML""><semantics><mrow><mn>10</mn><mo>×</mo><mn>10</mn></mrow><annotation encoding=""application/x-tex"">10 \times 10</annotation></semantics></math></span><span class=""katex-html"" aria-hidden=""true""><span class=""katex-base""><span class=""katex-strut"" style=""height: 0.7278em; vertical-align: -0.0833em;""></span><span class=""mord"">10</span><span class=""mspace"" style=""margin-right: 0.2222em;""></span><span class=""mbin"">×</span><span class=""mspace"" style=""margin-right: 0.2222em;""></span></span><span class=""katex-base""><span class=""katex-strut"" style=""height: 0.6444em;""></span><span class=""mord"">10</span></span></span></span></span> chessboard. It is known that the maximum number of non-attacking queens that can be placed on the board is 10. For each possible arrangement of 10 non-attacking queens, construct a <span><span class=""katex""><span class=""katex-mathml""><math xmlns=""http://www.w3.org/1998/Math/MathML""><semantics><mrow><mn>10</mn><mo>×</mo><mn>10</mn></mrow><annotation encoding=""application/x-tex"">10 \times 10</annotation></semantics></math></span><span class=""katex-html"" aria-hidden=""true""><span class=""katex-base""><span class=""katex-strut"" style=""height: 0.7278em; vertical-align: -0.0833em;""></span><span class=""mord"">10</span><span class=""mspace"" style=""margin-right: 0.2222em;""></span><span class=""mbin"">×</span><span class=""mspace"" style=""margin-right: 0.2222em;""></span></span><span class=""katex-base""><span class=""katex-strut"" style=""height: 0.6444em;""></span><span class=""mord"">10</span></span></span></span></span> matrix <span><span class=""katex""><span class=""katex-mathml""><math xmlns=""http://www.w3.org/1998/Math/MathML""><semantics><mrow><mi>A</mi></mrow><annotation encoding=""application/x-tex"">A</annotation></semantics></math></span><span class=""katex-html"" aria-hidden=""true""><span class=""katex-base""><span class=""katex-strut"" style=""height: 0.6833em;""></span><span class=""mord mathnormal"">A</span></span></span></span></span> such that <span><span class=""katex""><span class=""katex-mathml""><math xmlns=""http://www.w3.org/1998/Math/MathML""><semantics><mrow><msub><mi>A</mi><mrow><mi>i</mi><mo separator=""true"">,</mo><mi>j</mi></mrow></msub><mo>=</mo><mn>1</mn></mrow><annotation encoding=""application/x-tex"">A_{i,j} = 1</annotation></semantics></math></span><span class=""katex-html"" aria-hidden=""true""><span class=""katex-base""><span class=""katex-strut"" style=""height: 0.9694em; vertical-align: -0.2861em;""></span><span class=""mord""><span class=""mord mathnormal"">A</span><span class=""msupsub""><span class=""vlist-t vlist-t2""><span class=""vlist-r""><span class=""vlist"" style=""height: 0.3117em;""><span class="""" style=""top: -2.55em; margin-left: 0em; margin-right: 0.05em;""><span class=""pstrut"" style=""height: 2.7em;""></span><span class=""katex-sizing reset-size6 size3 mtight""><span class=""mord mtight""><span class=""mord mathnormal mtight"">i</span><span class=""mpunct mtight"">,</span><span style=""margin-right: 0.0572em;"" class=""mord mathnormal mtight"">j</span></span></span></span></span><span class=""vlist-s"">​</span></span><span class=""vlist-r""><span class=""vlist"" style=""height: 0.2861em;""><span class=""""></span></span></span></span></span></span><span class=""mspace"" style=""margin-right: 0.2778em;""></span><span class=""mrel"">=</span><span class=""mspace"" style=""margin-right: 0.2778em;""></span></span><span class=""katex-base""><span class=""katex-strut"" style=""height: 0.6444em;""></span><span class=""mord"">1</span></span></span></span></span> if there is a queen in the <span><span class=""katex""><span class=""katex-mathml""><math xmlns=""http://www.w3.org/1998/Math/MathML""><semantics><mrow><mi>i</mi></mrow><annotation encoding=""application/x-tex"">i</annotation></semantics></math></span><span class=""katex-html"" aria-hidden=""true""><span class=""katex-base""><span class=""katex-strut"" style=""height: 0.6595em;""></span><span class=""mord mathnormal"">i</span></span></span></span></span>-th row and <span><span class=""katex""><span class=""katex-mathml""><math xmlns=""http://www.w3.org/1998/Math/MathML""><semantics><mrow><mi>j</mi></mrow><annotation encoding=""application/x-tex"">j</annotation></semantics></math></span><span class=""katex-html"" aria-hidden=""true""><span class=""katex-base""><span class=""katex-strut"" style=""height: 0.854em; vertical-align: -0.1944em;""></span><span style=""margin-right: 0.0572em;"" class=""mord mathnormal"">j</span></span></span></span></span>-th column, and <span><span class=""katex""><span class=""katex-mathml""><math xmlns=""http://www.w3.org/1998/Math/MathML""><semantics><mrow><msub><mi>A</mi><mrow><mi>i</mi><mo separator=""true"">,</mo><mi>j</mi></mrow></msub><mo>=</mo><mn>0</mn></mrow><annotation encoding=""application/x-tex"">A_{i,j} = 0</annotation></semantics></math></span><span class=""katex-html"" aria-hidden=""true""><span class=""katex-base""><span class=""katex-strut"" style=""height: 0.9694em; vertical-align: -0.2861em;""></span><span class=""mord""><span class=""mord mathnormal"">A</span><span class=""msupsub""><span class=""vlist-t vlist-t2""><span class=""vlist-r""><span class=""vlist"" style=""height: 0.3117em;""><span class="""" style=""top: -2.55em; margin-left: 0em; margin-right: 0.05em;""><span class=""pstrut"" style=""height: 2.7em;""></span><span class=""katex-sizing reset-size6 size3 mtight""><span class=""mord mtight""><span class=""mord mathnormal mtight"">i</span><span class=""mpunct mtight"">,</span><span style=""margin-right: 0.0572em;"" class=""mord mathnormal mtight"">j</span></span></span></span></span><span class=""vlist-s"">​</span></span><span class=""vlist-r""><span class=""vlist"" style=""height: 0.2861em;""><span class=""""></span></span></span></span></span></span><span class=""mspace"" style=""margin-right: 0.2778em;""></span><span class=""mrel"">=</span><span class=""mspace"" style=""margin-right: 0.2778em;""></span></span><span class=""katex-base""><span class=""katex-strut"" style=""height: 0.6444em;""></span><span class=""mord"">0</span></span></span></span></span> otherwise.<br><br>What is the sum of the determinants of all such matrices <span><span class=""katex""><span class=""katex-mathml""><math xmlns=""http://www.w3.org/1998/Math/MathML""><semantics><mrow><mi>A</mi></mrow><annotation encoding=""application/x-tex"">A</annotation></semantics></math></span><span class=""katex-html"" aria-hidden=""true""><span class=""katex-base""><span class=""katex-strut"" style=""height: 0.6833em;""></span><span class=""mord mathnormal"">A</span></span></span></span></span> corresponding to all possible non-attacking queen arrangements on the 10 × 10 chessboard? That is, compute
<span><span class=""katex-display""><span class=""katex""><span class=""katex-mathml""><math xmlns=""http://www.w3.org/1998/Math/MathML"" display=""block""><semantics><mrow><munder><mo>∑</mo><mi>A</mi></munder><mi>det</mi><mo>⁡</mo><mo stretchy=""false"">(</mo><mi>A</mi><mo stretchy=""false"">)</mo><mo separator=""true"">,</mo></mrow><annotation encoding=""application/x-tex"">\sum_A \det(A),</annotation></semantics></math></span><span class=""katex-html"" aria-hidden=""true""><span class=""katex-base""><span class=""katex-strut"" style=""height: 2.3443em; vertical-align: -1.2943em;""></span><span class=""mop op-limits""><span class=""vlist-t vlist-t2""><span class=""vlist-r""><span class=""vlist"" style=""height: 1.05em;""><span class="""" style=""top: -1.8557em; margin-left: 0em;""><span class=""pstrut"" style=""height: 3.05em;""></span><span class=""katex-sizing reset-size6 size3 mtight""><span class=""mord mathnormal mtight"">A</span></span></span><span class="""" style=""top: -3.05em;""><span class=""pstrut"" style=""height: 3.05em;""></span><span class=""""><span class=""mop op-symbol large-op"">∑</span></span></span></span><span class=""vlist-s"">​</span></span><span class=""vlist-r""><span class=""vlist"" style=""height: 1.2943em;""><span class=""""></span></span></span></span></span><span class=""mspace"" style=""margin-right: 0.1667em;""></span><span class=""mop"">det</span><span class=""mopen"">(</span><span class=""mord mathnormal"">A</span><span class=""mclose"">)</span><span class=""mpunct"">,</span></span></span></span></span></span>
where the sum is taken over all <span><span class=""katex""><span class=""katex-mathml""><math xmlns=""http://www.w3.org/1998/Math/MathML""><semantics><mrow><mn>10</mn><mo>×</mo><mn>10</mn></mrow><annotation encoding=""application/x-tex"">10 \times 10</annotation></semantics></math></span><span class=""katex-html"" aria-hidden=""true""><span class=""katex-base""><span class=""katex-strut"" style=""height: 0.7278em; vertical-align: -0.0833em;""></span><span class=""mord"">10</span><span class=""mspace"" style=""margin-right: 0.2222em;""></span><span class=""mbin"">×</span><span class=""mspace"" style=""margin-right: 0.2222em;""></span></span><span class=""katex-base""><span class=""katex-strut"" style=""height: 0.6444em;""></span><span class=""mord"">10</span></span></span></span></span> matrices <span><span class=""katex""><span class=""katex-mathml""><math xmlns=""http://www.w3.org/1998/Math/MathML""><semantics><mrow><mi>A</mi></mrow><annotation encoding=""application/x-tex"">A</annotation></semantics></math></span><span class=""katex-html"" aria-hidden=""true""><span class=""katex-base""><span class=""katex-strut"" style=""height: 0.6833em;""></span><span class=""mord mathnormal"">A</span></span></span></span></span> as described above.<br><br>(A queen is non-attacking if there is no other queen in its same row, column, or either diagonal)"
656db092-23b2-4bc9-9b7e-e916d9b4cf6d,"Rhythm has introduced a new scoring system for scoring numbers via iterated exponentiation, denoted by \(\Theta_n\), where for an \(n\)-digit number \(A_1A_2\ldots A_n\) (\(A_1, A_2, \ldots, A_n\) are the digits of the number in base 10), the score is calculated as:
\[\Theta_n(A_1A_2\ldots A_n) = A_1^{A_2^{A_3^{\cdot^{\cdot^{\cdot^{A_n}}}}}}.\]
Let \(S_1\) be the set of all nine-digit numbers that minimize the value of \(\Theta_9(A_1A_2\ldots A_9)\), and let \(S_2\) be the set of all nine-digit numbers that maximize the value of \(\Theta_9(A_1A_2\ldots A_9)\). Find the value of \(\Delta\), where
\[\Delta = \sum_{x \in S_2} x - \sum_{x \in S_1} 1.\]",null,"SRMC 2025, Prelims",{},2026-07-26 15:30:08.173228+00,null,1.17 — Power Play,"Rhythm has introduced a new scoring system for scoring numbers via iterated exponentiation, denoted by <span><span class=""katex""><span class=""katex-mathml""><math xmlns=""http://www.w3.org/1998/Math/MathML""><semantics><mrow><msub><mi mathvariant=""normal"">Θ</mi><mi>n</mi></msub></mrow><annotation encoding=""application/x-tex"">\Theta_n</annotation></semantics></math></span><span class=""katex-html"" aria-hidden=""true""><span class=""katex-base""><span class=""katex-strut"" style=""height: 0.8333em; vertical-align: -0.15em;""></span><span class=""mord""><span class=""mord"">Θ</span><span class=""msupsub""><span class=""vlist-t vlist-t2""><span class=""vlist-r""><span class=""vlist"" style=""height: 0.1514em;""><span class="""" style=""top: -2.55em; margin-left: 0em; margin-right: 0.05em;""><span class=""pstrut"" style=""height: 2.7em;""></span><span class=""katex-sizing reset-size6 size3 mtight""><span class=""mord mathnormal mtight"">n</span></span></span></span><span class=""vlist-s"">​</span></span><span class=""vlist-r""><span class=""vlist"" style=""height: 0.15em;""><span class=""""></span></span></span></span></span></span></span></span></span></span>, where for an <span><span class=""katex""><span class=""katex-mathml""><math xmlns=""http://www.w3.org/1998/Math/MathML""><semantics><mrow><mi>n</mi></mrow><annotation encoding=""application/x-tex"">n</annotation></semantics></math></span><span class=""katex-html"" aria-hidden=""true""><span class=""katex-base""><span class=""katex-strut"" style=""height: 0.4306em;""></span><span class=""mord mathnormal"">n</span></span></span></span></span>-digit number <span><span class=""katex""><span class=""katex-mathml""><math xmlns=""http://www.w3.org/1998/Math/MathML""><semantics><mrow><msub><mi>A</mi><mn>1</mn></msub><msub><mi>A</mi><mn>2</mn></msub><mo>…</mo><msub><mi>A</mi><mi>n</mi></msub></mrow><annotation encoding=""application/x-tex"">A_1A_2\ldots A_n</annotation></semantics></math></span><span class=""katex-html"" aria-hidden=""true""><span class=""katex-base""><span class=""katex-strut"" style=""height: 0.8333em; vertical-align: -0.15em;""></span><span class=""mord""><span class=""mord mathnormal"">A</span><span class=""msupsub""><span class=""vlist-t vlist-t2""><span class=""vlist-r""><span class=""vlist"" style=""height: 0.3011em;""><span class="""" style=""top: -2.55em; margin-left: 0em; margin-right: 0.05em;""><span class=""pstrut"" style=""height: 2.7em;""></span><span class=""katex-sizing reset-size6 size3 mtight""><span class=""mord mtight"">1</span></span></span></span><span class=""vlist-s"">​</span></span><span class=""vlist-r""><span class=""vlist"" style=""height: 0.15em;""><span class=""""></span></span></span></span></span></span><span class=""mord""><span class=""mord mathnormal"">A</span><span class=""msupsub""><span class=""vlist-t vlist-t2""><span class=""vlist-r""><span class=""vlist"" style=""height: 0.3011em;""><span class="""" style=""top: -2.55em; margin-left: 0em; margin-right: 0.05em;""><span class=""pstrut"" style=""height: 2.7em;""></span><span class=""katex-sizing reset-size6 size3 mtight""><span class=""mord mtight"">2</span></span></span></span><span class=""vlist-s"">​</span></span><span class=""vlist-r""><span class=""vlist"" style=""height: 0.15em;""><span class=""""></span></span></span></span></span></span><span class=""mspace"" style=""margin-right: 0.1667em;""></span><span class=""minner"">…</span><span class=""mspace"" style=""margin-right: 0.1667em;""></span><span class=""mord""><span class=""mord mathnormal"">A</span><span class=""msupsub""><span class=""vlist-t vlist-t2""><span class=""vlist-r""><span class=""vlist"" style=""height: 0.1514em;""><span class="""" style=""top: -2.55em; margin-left: 0em; margin-right: 0.05em;""><span class=""pstrut"" style=""height: 2.7em;""></span><span class=""katex-sizing reset-size6 size3 mtight""><span class=""mord mathnormal mtight"">n</span></span></span></span><span class=""vlist-s"">​</span></span><span class=""vlist-r""><span class=""vlist"" style=""height: 0.15em;""><span class=""""></span></span></span></span></span></span></span></span></span></span> (<span><span class=""katex""><span class=""katex-mathml""><math xmlns=""http://www.w3.org/1998/Math/MathML""><semantics><mrow><msub><mi>A</mi><mn>1</mn></msub><mo separator=""true"">,</mo><msub><mi>A</mi><mn>2</mn></msub><mo separator=""true"">,</mo><mo>…</mo><mo separator=""true"">,</mo><msub><mi>A</mi><mi>n</mi></msub></mrow><annotation encoding=""application/x-tex"">A_1, A_2, \ldots, A_n</annotation></semantics></math></span><span class=""katex-html"" aria-hidden=""true""><span class=""katex-base""><span class=""katex-strut"" style=""height: 0.8778em; vertical-align: -0.1944em;""></span><span class=""mord""><span class=""mord mathnormal"">A</span><span class=""msupsub""><span class=""vlist-t vlist-t2""><span class=""vlist-r""><span class=""vlist"" style=""height: 0.3011em;""><span class="""" style=""top: -2.55em; margin-left: 0em; margin-right: 0.05em;""><span class=""pstrut"" style=""height: 2.7em;""></span><span class=""katex-sizing reset-size6 size3 mtight""><span class=""mord mtight"">1</span></span></span></span><span class=""vlist-s"">​</span></span><span class=""vlist-r""><span class=""vlist"" style=""height: 0.15em;""><span class=""""></span></span></span></span></span></span><span class=""mpunct"">,</span><span class=""mspace"" style=""margin-right: 0.1667em;""></span><span class=""mord""><span class=""mord mathnormal"">A</span><span class=""msupsub""><span class=""vlist-t vlist-t2""><span class=""vlist-r""><span class=""vlist"" style=""height: 0.3011em;""><span class="""" style=""top: -2.55em; margin-left: 0em; margin-right: 0.05em;""><span class=""pstrut"" style=""height: 2.7em;""></span><span class=""katex-sizing reset-size6 size3 mtight""><span class=""mord mtight"">2</span></span></span></span><span class=""vlist-s"">​</span></span><span class=""vlist-r""><span class=""vlist"" style=""height: 0.15em;""><span class=""""></span></span></span></span></span></span><span class=""mpunct"">,</span><span class=""mspace"" style=""margin-right: 0.1667em;""></span><span class=""minner"">…</span><span class=""mspace"" style=""margin-right: 0.1667em;""></span><span class=""mpunct"">,</span><span class=""mspace"" style=""margin-right: 0.1667em;""></span><span class=""mord""><span class=""mord mathnormal"">A</span><span class=""msupsub""><span class=""vlist-t vlist-t2""><span class=""vlist-r""><span class=""vlist"" style=""height: 0.1514em;""><span class="""" style=""top: -2.55em; margin-left: 0em; margin-right: 0.05em;""><span class=""pstrut"" style=""height: 2.7em;""></span><span class=""katex-sizing reset-size6 size3 mtight""><span class=""mord mathnormal mtight"">n</span></span></span></span><span class=""vlist-s"">​</span></span><span class=""vlist-r""><span class=""vlist"" style=""height: 0.15em;""><span class=""""></span></span></span></span></span></span></span></span></span></span> are the digits of the number in base 10), the score is calculated as:
<span><span class=""katex-display""><span class=""katex""><span class=""katex-mathml""><math xmlns=""http://www.w3.org/1998/Math/MathML"" display=""block""><semantics><mrow><msub><mi mathvariant=""normal"">Θ</mi><mi>n</mi></msub><mo stretchy=""false"">(</mo><msub><mi>A</mi><mn>1</mn></msub><msub><mi>A</mi><mn>2</mn></msub><mo>…</mo><msub><mi>A</mi><mi>n</mi></msub><mo stretchy=""false"">)</mo><mo>=</mo><msubsup><mi>A</mi><mn>1</mn><msubsup><mi>A</mi><mn>2</mn><msubsup><mi>A</mi><mn>3</mn><msup><mo>⋅</mo><msup><mo>⋅</mo><msup><mo>⋅</mo><msub><mi>A</mi><mi>n</mi></msub></msup></msup></msup></msubsup></msubsup></msubsup><mi mathvariant=""normal"">.</mi></mrow><annotation encoding=""application/x-tex"">\Theta_n(A_1A_2\ldots A_n) = A_1^{A_2^{A_3^{\cdot^{\cdot^{\cdot^{A_n}}}}}}.</annotation></semantics></math></span><span class=""katex-html"" aria-hidden=""true""><span class=""katex-base""><span class=""katex-strut"" style=""height: 1em; vertical-align: -0.25em;""></span><span class=""mord""><span class=""mord"">Θ</span><span class=""msupsub""><span class=""vlist-t vlist-t2""><span class=""vlist-r""><span class=""vlist"" style=""height: 0.1514em;""><span class="""" style=""top: -2.55em; margin-left: 0em; margin-right: 0.05em;""><span class=""pstrut"" style=""height: 2.7em;""></span><span class=""katex-sizing reset-size6 size3 mtight""><span class=""mord mathnormal mtight"">n</span></span></span></span><span class=""vlist-s"">​</span></span><span class=""vlist-r""><span class=""vlist"" style=""height: 0.15em;""><span class=""""></span></span></span></span></span></span><span class=""mopen"">(</span><span class=""mord""><span class=""mord mathnormal"">A</span><span class=""msupsub""><span class=""vlist-t vlist-t2""><span class=""vlist-r""><span class=""vlist"" style=""height: 0.3011em;""><span class="""" style=""top: -2.55em; margin-left: 0em; margin-right: 0.05em;""><span class=""pstrut"" style=""height: 2.7em;""></span><span class=""katex-sizing reset-size6 size3 mtight""><span class=""mord mtight"">1</span></span></span></span><span class=""vlist-s"">​</span></span><span class=""vlist-r""><span class=""vlist"" style=""height: 0.15em;""><span class=""""></span></span></span></span></span></span><span class=""mord""><span class=""mord mathnormal"">A</span><span class=""msupsub""><span class=""vlist-t vlist-t2""><span class=""vlist-r""><span class=""vlist"" style=""height: 0.3011em;""><span class="""" style=""top: -2.55em; margin-left: 0em; margin-right: 0.05em;""><span class=""pstrut"" style=""height: 2.7em;""></span><span class=""katex-sizing reset-size6 size3 mtight""><span class=""mord mtight"">2</span></span></span></span><span class=""vlist-s"">​</span></span><span class=""vlist-r""><span class=""vlist"" style=""height: 0.15em;""><span class=""""></span></span></span></span></span></span><span class=""mspace"" style=""margin-right: 0.1667em;""></span><span class=""minner"">…</span><span class=""mspace"" style=""margin-right: 0.1667em;""></span><span class=""mord""><span class=""mord mathnormal"">A</span><span class=""msupsub""><span class=""vlist-t vlist-t2""><span class=""vlist-r""><span class=""vlist"" style=""height: 0.1514em;""><span class="""" style=""top: -2.55em; margin-left: 0em; margin-right: 0.05em;""><span class=""pstrut"" style=""height: 2.7em;""></span><span class=""katex-sizing reset-size6 size3 mtight""><span class=""mord mathnormal mtight"">n</span></span></span></span><span class=""vlist-s"">​</span></span><span class=""vlist-r""><span class=""vlist"" style=""height: 0.15em;""><span class=""""></span></span></span></span></span></span><span class=""mclose"">)</span><span class=""mspace"" style=""margin-right: 0.2778em;""></span><span class=""mrel"">=</span><span class=""mspace"" style=""margin-right: 0.2778em;""></span></span><span class=""katex-base""><span class=""katex-strut"" style=""height: 2.4384em; vertical-align: -0.2663em;""></span><span class=""mord""><span class=""mord mathnormal"">A</span><span class=""msupsub""><span class=""vlist-t vlist-t2""><span class=""vlist-r""><span class=""vlist"" style=""height: 2.1721em;""><span class="""" style=""top: -3.3429em; margin-left: 0em; margin-right: 0.05em;""><span class=""pstrut"" style=""height: 3.6092em;""></span><span class=""katex-sizing reset-size6 size3 mtight""><span class=""mord mtight"">1</span></span></span><span class="""" style=""top: -4.1721em; margin-right: 0.05em;""><span class=""pstrut"" style=""height: 3.6092em;""></span><span class=""katex-sizing reset-size6 size3 mtight""><span class=""mord mtight""><span class=""mord mtight""><span class=""mord mathnormal mtight"">A</span><span class=""msupsub""><span class=""vlist-t vlist-t2""><span class=""vlist-r""><span class=""vlist"" style=""height: 2.2989em;""><span class="""" style=""top: -3.3309em; margin-left: 0em; margin-right: 0.0714em;""><span class=""pstrut"" style=""height: 3.6424em;""></span><span class=""katex-sizing reset-size3 size1 mtight""><span class=""mord mtight"">2</span></span></span><span class="""" style=""top: -4.2989em; margin-right: 0.0714em;""><span class=""pstrut"" style=""height: 3.6424em;""></span><span class=""katex-sizing reset-size3 size1 mtight""><span class=""mord mtight""><span class=""mord mtight""><span class=""mord mathnormal mtight"">A</span><span class=""msupsub""><span class=""vlist-t vlist-t2""><span class=""vlist-r""><span class=""vlist"" style=""height: 2.2993em;""><span class="""" style=""top: -3.4589em; margin-left: 0em; margin-right: 0.1em;""><span class=""pstrut"" style=""height: 3.8953em;""></span><span class=""mord mtight"">3</span></span><span class="""" style=""top: -4.2993em; margin-right: 0.1em;""><span class=""pstrut"" style=""height: 3.8953em;""></span><span class=""mord mtight""><span class=""mord mtight""><span class=""mbin mtight"">⋅</span><span class=""msupsub""><span class=""vlist-t""><span class=""vlist-r""><span class=""vlist"" style=""height: 1.8953em;""><span class="""" style=""top: -3.8953em; margin-right: 0.1em;""><span class=""pstrut"" style=""height: 3.4913em;""></span><span class=""mord mtight""><span class=""mord mtight""><span class=""mbin mtight"">⋅</span><span class=""msupsub""><span class=""vlist-t""><span class=""vlist-r""><span class=""vlist"" style=""height: 1.4913em;""><span class="""" style=""top: -3.4913em; margin-right: 0.1em;""><span class=""pstrut"" style=""height: 3.0873em;""></span><span class=""mord mtight""><span class=""mord mtight""><span class=""mbin mtight"">⋅</span><span class=""msupsub""><span class=""vlist-t""><span class=""vlist-r""><span class=""vlist"" style=""height: 1.0873em;""><span class="""" style=""top: -3.0873em; margin-right: 0.1em;""><span class=""pstrut"" style=""height: 2.6833em;""></span><span class=""mord mtight""><span class=""mord mtight""><span class=""mord mathnormal mtight"">A</span><span class=""msupsub""><span class=""vlist-t vlist-t2""><span class=""vlist-r""><span class=""vlist"" style=""height: 0.2306em;""><span class="""" style=""top: -2.3em; margin-left: 0em; margin-right: 0.1em;""><span class=""pstrut"" style=""height: 2.5em;""></span><span class=""mord mathnormal mtight"">n</span></span></span><span class=""vlist-s"">​</span></span><span class=""vlist-r""><span class=""vlist"" style=""height: 0.2em;""><span class=""""></span></span></span></span></span></span></span></span></span></span></span></span></span></span></span></span></span></span></span></span></span></span></span></span></span></span></span></span></span></span><span class=""vlist-s"">​</span></span><span class=""vlist-r""><span class=""vlist"" style=""height: 0.4364em;""><span class=""""></span></span></span></span></span></span></span></span></span></span><span class=""vlist-s"">​</span></span><span class=""vlist-r""><span class=""vlist"" style=""height: 0.3115em;""><span class=""""></span></span></span></span></span></span></span></span></span></span><span class=""vlist-s"">​</span></span><span class=""vlist-r""><span class=""vlist"" style=""height: 0.2663em;""><span class=""""></span></span></span></span></span></span><span class=""mord"">.</span></span></span></span></span></span>
Let <span><span class=""katex""><span class=""katex-mathml""><math xmlns=""http://www.w3.org/1998/Math/MathML""><semantics><mrow><msub><mi>S</mi><mn>1</mn></msub></mrow><annotation encoding=""application/x-tex"">S_1</annotation></semantics></math></span><span class=""katex-html"" aria-hidden=""true""><span class=""katex-base""><span class=""katex-strut"" style=""height: 0.8333em; vertical-align: -0.15em;""></span><span class=""mord""><span style=""margin-right: 0.0576em;"" class=""mord mathnormal"">S</span><span class=""msupsub""><span class=""vlist-t vlist-t2""><span class=""vlist-r""><span class=""vlist"" style=""height: 0.3011em;""><span class="""" style=""top: -2.55em; margin-left: -0.0576em; margin-right: 0.05em;""><span class=""pstrut"" style=""height: 2.7em;""></span><span class=""katex-sizing reset-size6 size3 mtight""><span class=""mord mtight"">1</span></span></span></span><span class=""vlist-s"">​</span></span><span class=""vlist-r""><span class=""vlist"" style=""height: 0.15em;""><span class=""""></span></span></span></span></span></span></span></span></span></span> be the set of all nine-digit numbers that minimize the value of <span><span class=""katex""><span class=""katex-mathml""><math xmlns=""http://www.w3.org/1998/Math/MathML""><semantics><mrow><msub><mi mathvariant=""normal"">Θ</mi><mn>9</mn></msub><mo stretchy=""false"">(</mo><msub><mi>A</mi><mn>1</mn></msub><msub><mi>A</mi><mn>2</mn></msub><mo>…</mo><msub><mi>A</mi><mn>9</mn></msub><mo stretchy=""false"">)</mo></mrow><annotation encoding=""application/x-tex"">\Theta_9(A_1A_2\ldots A_9)</annotation></semantics></math></span><span class=""katex-html"" aria-hidden=""true""><span class=""katex-base""><span class=""katex-strut"" style=""height: 1em; vertical-align: -0.25em;""></span><span class=""mord""><span class=""mord"">Θ</span><span class=""msupsub""><span class=""vlist-t vlist-t2""><span class=""vlist-r""><span class=""vlist"" style=""height: 0.3011em;""><span class="""" style=""top: -2.55em; margin-left: 0em; margin-right: 0.05em;""><span class=""pstrut"" style=""height: 2.7em;""></span><span class=""katex-sizing reset-size6 size3 mtight""><span class=""mord mtight"">9</span></span></span></span><span class=""vlist-s"">​</span></span><span class=""vlist-r""><span class=""vlist"" style=""height: 0.15em;""><span class=""""></span></span></span></span></span></span><span class=""mopen"">(</span><span class=""mord""><span class=""mord mathnormal"">A</span><span class=""msupsub""><span class=""vlist-t vlist-t2""><span class=""vlist-r""><span class=""vlist"" style=""height: 0.3011em;""><span class="""" style=""top: -2.55em; margin-left: 0em; margin-right: 0.05em;""><span class=""pstrut"" style=""height: 2.7em;""></span><span class=""katex-sizing reset-size6 size3 mtight""><span class=""mord mtight"">1</span></span></span></span><span class=""vlist-s"">​</span></span><span class=""vlist-r""><span class=""vlist"" style=""height: 0.15em;""><span class=""""></span></span></span></span></span></span><span class=""mord""><span class=""mord mathnormal"">A</span><span class=""msupsub""><span class=""vlist-t vlist-t2""><span class=""vlist-r""><span class=""vlist"" style=""height: 0.3011em;""><span class="""" style=""top: -2.55em; margin-left: 0em; margin-right: 0.05em;""><span class=""pstrut"" style=""height: 2.7em;""></span><span class=""katex-sizing reset-size6 size3 mtight""><span class=""mord mtight"">2</span></span></span></span><span class=""vlist-s"">​</span></span><span class=""vlist-r""><span class=""vlist"" style=""height: 0.15em;""><span class=""""></span></span></span></span></span></span><span class=""mspace"" style=""margin-right: 0.1667em;""></span><span class=""minner"">…</span><span class=""mspace"" style=""margin-right: 0.1667em;""></span><span class=""mord""><span class=""mord mathnormal"">A</span><span class=""msupsub""><span class=""vlist-t vlist-t2""><span class=""vlist-r""><span class=""vlist"" style=""height: 0.3011em;""><span class="""" style=""top: -2.55em; margin-left: 0em; margin-right: 0.05em;""><span class=""pstrut"" style=""height: 2.7em;""></span><span class=""katex-sizing reset-size6 size3 mtight""><span class=""mord mtight"">9</span></span></span></span><span class=""vlist-s"">​</span></span><span class=""vlist-r""><span class=""vlist"" style=""height: 0.15em;""><span class=""""></span></span></span></span></span></span><span class=""mclose"">)</span></span></span></span></span>, and let <span><span class=""katex""><span class=""katex-mathml""><math xmlns=""http://www.w3.org/1998/Math/MathML""><semantics><mrow><msub><mi>S</mi><mn>2</mn></msub></mrow><annotation encoding=""application/x-tex"">S_2</annotation></semantics></math></span><span class=""katex-html"" aria-hidden=""true""><span class=""katex-base""><span class=""katex-strut"" style=""height: 0.8333em; vertical-align: -0.15em;""></span><span class=""mord""><span style=""margin-right: 0.0576em;"" class=""mord mathnormal"">S</span><span class=""msupsub""><span class=""vlist-t vlist-t2""><span class=""vlist-r""><span class=""vlist"" style=""height: 0.3011em;""><span class="""" style=""top: -2.55em; margin-left: -0.0576em; margin-right: 0.05em;""><span class=""pstrut"" style=""height: 2.7em;""></span><span class=""katex-sizing reset-size6 size3 mtight""><span class=""mord mtight"">2</span></span></span></span><span class=""vlist-s"">​</span></span><span class=""vlist-r""><span class=""vlist"" style=""height: 0.15em;""><span class=""""></span></span></span></span></span></span></span></span></span></span> be the set of all nine-digit numbers that maximize the value of <span><span class=""katex""><span class=""katex-mathml""><math xmlns=""http://www.w3.org/1998/Math/MathML""><semantics><mrow><msub><mi mathvariant=""normal"">Θ</mi><mn>9</mn></msub><mo stretchy=""false"">(</mo><msub><mi>A</mi><mn>1</mn></msub><msub><mi>A</mi><mn>2</mn></msub><mo>…</mo><msub><mi>A</mi><mn>9</mn></msub><mo stretchy=""false"">)</mo></mrow><annotation encoding=""application/x-tex"">\Theta_9(A_1A_2\ldots A_9)</annotation></semantics></math></span><span class=""katex-html"" aria-hidden=""true""><span class=""katex-base""><span class=""katex-strut"" style=""height: 1em; vertical-align: -0.25em;""></span><span class=""mord""><span class=""mord"">Θ</span><span class=""msupsub""><span class=""vlist-t vlist-t2""><span class=""vlist-r""><span class=""vlist"" style=""height: 0.3011em;""><span class="""" style=""top: -2.55em; margin-left: 0em; margin-right: 0.05em;""><span class=""pstrut"" style=""height: 2.7em;""></span><span class=""katex-sizing reset-size6 size3 mtight""><span class=""mord mtight"">9</span></span></span></span><span class=""vlist-s"">​</span></span><span class=""vlist-r""><span class=""vlist"" style=""height: 0.15em;""><span class=""""></span></span></span></span></span></span><span class=""mopen"">(</span><span class=""mord""><span class=""mord mathnormal"">A</span><span class=""msupsub""><span class=""vlist-t vlist-t2""><span class=""vlist-r""><span class=""vlist"" style=""height: 0.3011em;""><span class="""" style=""top: -2.55em; margin-left: 0em; margin-right: 0.05em;""><span class=""pstrut"" style=""height: 2.7em;""></span><span class=""katex-sizing reset-size6 size3 mtight""><span class=""mord mtight"">1</span></span></span></span><span class=""vlist-s"">​</span></span><span class=""vlist-r""><span class=""vlist"" style=""height: 0.15em;""><span class=""""></span></span></span></span></span></span><span class=""mord""><span class=""mord mathnormal"">A</span><span class=""msupsub""><span class=""vlist-t vlist-t2""><span class=""vlist-r""><span class=""vlist"" style=""height: 0.3011em;""><span class="""" style=""top: -2.55em; margin-left: 0em; margin-right: 0.05em;""><span class=""pstrut"" style=""height: 2.7em;""></span><span class=""katex-sizing reset-size6 size3 mtight""><span class=""mord mtight"">2</span></span></span></span><span class=""vlist-s"">​</span></span><span class=""vlist-r""><span class=""vlist"" style=""height: 0.15em;""><span class=""""></span></span></span></span></span></span><span class=""mspace"" style=""margin-right: 0.1667em;""></span><span class=""minner"">…</span><span class=""mspace"" style=""margin-right: 0.1667em;""></span><span class=""mord""><span class=""mord mathnormal"">A</span><span class=""msupsub""><span class=""vlist-t vlist-t2""><span class=""vlist-r""><span class=""vlist"" style=""height: 0.3011em;""><span class="""" style=""top: -2.55em; margin-left: 0em; margin-right: 0.05em;""><span class=""pstrut"" style=""height: 2.7em;""></span><span class=""katex-sizing reset-size6 size3 mtight""><span class=""mord mtight"">9</span></span></span></span><span class=""vlist-s"">​</span></span><span class=""vlist-r""><span class=""vlist"" style=""height: 0.15em;""><span class=""""></span></span></span></span></span></span><span class=""mclose"">)</span></span></span></span></span>. Find the value of <span><span class=""katex""><span class=""katex-mathml""><math xmlns=""http://www.w3.org/1998/Math/MathML""><semantics><mrow><mi mathvariant=""normal"">Δ</mi></mrow><annotation encoding=""application/x-tex"">\Delta</annotation></semantics></math></span><span class=""katex-html"" aria-hidden=""true""><span class=""katex-base""><span class=""katex-strut"" style=""height: 0.6833em;""></span><span class=""mord"">Δ</span></span></span></span></span>, where
<span><span class=""katex-display""><span class=""katex""><span class=""katex-mathml""><math xmlns=""http://www.w3.org/1998/Math/MathML"" display=""block""><semantics><mrow><mi mathvariant=""normal"">Δ</mi><mo>=</mo><munder><mo>∑</mo><mrow><mi>x</mi><mo>∈</mo><msub><mi>S</mi><mn>2</mn></msub></mrow></munder><mi>x</mi><mo>−</mo><munder><mo>∑</mo><mrow><mi>x</mi><mo>∈</mo><msub><mi>S</mi><mn>1</mn></msub></mrow></munder><mn>1.</mn></mrow><annotation encoding=""application/x-tex"">\Delta = \sum_{x \in S_2} x - \sum_{x \in S_1} 1.</annotation></semantics></math></span><span class=""katex-html"" aria-hidden=""true""><span class=""katex-base""><span class=""katex-strut"" style=""height: 0.6833em;""></span><span class=""mord"">Δ</span><span class=""mspace"" style=""margin-right: 0.2778em;""></span><span class=""mrel"">=</span><span class=""mspace"" style=""margin-right: 0.2778em;""></span></span><span class=""katex-base""><span class=""katex-strut"" style=""height: 2.4444em; vertical-align: -1.3944em;""></span><span class=""mop op-limits""><span class=""vlist-t vlist-t2""><span class=""vlist-r""><span class=""vlist"" style=""height: 1.05em;""><span class="""" style=""top: -1.8557em; margin-left: 0em;""><span class=""pstrut"" style=""height: 3.05em;""></span><span class=""katex-sizing reset-size6 size3 mtight""><span class=""mord mtight""><span class=""mord mathnormal mtight"">x</span><span class=""mrel mtight"">∈</span><span class=""mord mtight""><span style=""margin-right: 0.0576em;"" class=""mord mathnormal mtight"">S</span><span class=""msupsub""><span class=""vlist-t vlist-t2""><span class=""vlist-r""><span class=""vlist"" style=""height: 0.3173em;""><span class="""" style=""top: -2.357em; margin-left: -0.0576em; margin-right: 0.0714em;""><span class=""pstrut"" style=""height: 2.5em;""></span><span class=""katex-sizing reset-size3 size1 mtight""><span class=""mord mtight"">2</span></span></span></span><span class=""vlist-s"">​</span></span><span class=""vlist-r""><span class=""vlist"" style=""height: 0.143em;""><span class=""""></span></span></span></span></span></span></span></span></span><span class="""" style=""top: -3.05em;""><span class=""pstrut"" style=""height: 3.05em;""></span><span class=""""><span class=""mop op-symbol large-op"">∑</span></span></span></span><span class=""vlist-s"">​</span></span><span class=""vlist-r""><span class=""vlist"" style=""height: 1.3944em;""><span class=""""></span></span></span></span></span><span class=""mspace"" style=""margin-right: 0.1667em;""></span><span class=""mord mathnormal"">x</span><span class=""mspace"" style=""margin-right: 0.2222em;""></span><span class=""mbin"">−</span><span class=""mspace"" style=""margin-right: 0.2222em;""></span></span><span class=""katex-base""><span class=""katex-strut"" style=""height: 2.4444em; vertical-align: -1.3944em;""></span><span class=""mop op-limits""><span class=""vlist-t vlist-t2""><span class=""vlist-r""><span class=""vlist"" style=""height: 1.05em;""><span class="""" style=""top: -1.8557em; margin-left: 0em;""><span class=""pstrut"" style=""height: 3.05em;""></span><span class=""katex-sizing reset-size6 size3 mtight""><span class=""mord mtight""><span class=""mord mathnormal mtight"">x</span><span class=""mrel mtight"">∈</span><span class=""mord mtight""><span style=""margin-right: 0.0576em;"" class=""mord mathnormal mtight"">S</span><span class=""msupsub""><span class=""vlist-t vlist-t2""><span class=""vlist-r""><span class=""vlist"" style=""height: 0.3173em;""><span class="""" style=""top: -2.357em; margin-left: -0.0576em; margin-right: 0.0714em;""><span class=""pstrut"" style=""height: 2.5em;""></span><span class=""katex-sizing reset-size3 size1 mtight""><span class=""mord mtight"">1</span></span></span></span><span class=""vlist-s"">​</span></span><span class=""vlist-r""><span class=""vlist"" style=""height: 0.143em;""><span class=""""></span></span></span></span></span></span></span></span></span><span class="""" style=""top: -3.05em;""><span class=""pstrut"" style=""height: 3.05em;""></span><span class=""""><span class=""mop op-symbol large-op"">∑</span></span></span></span><span class=""vlist-s"">​</span></span><span class=""vlist-r""><span class=""vlist"" style=""height: 1.3944em;""><span class=""""></span></span></span></span></span><span class=""mspace"" style=""margin-right: 0.1667em;""></span><span class=""mord"">1.</span></span></span></span></span></span>"
cb29b676-3ecc-477e-9500-9f3e062b0d9e,"Let \(H\) be the orthocenter of an acute triangle \(ABC\). Let \(F\) be the foot of perpendicular from \(C\) to \(AB\). Let \(E\) be the foot of the altitude from \(A\) to \(BC\). Let \(P\) be that point on line \(AH\) such that \(PE \cdot AE = BE \cdot CE\) and \(PA > AE\). Suppose the circumcircle of triangle \(AFP\) intersects line \(BC\) at 2 distinct points \(M\) and \(N\). Given that \(AM = 13\), \(MN = 14\) and \(AN = 15\), find the value of \(\lfloor AC \rfloor\) where \(\lfloor x \rfloor\) denotes the largest integer less than or equal to \(x\).",null,"SRMC 2025, Prelims",{},2026-07-26 15:30:08.215362+00,null,1.18 — Another interesting Geo qn,"Let <span><span class=""katex""><span class=""katex-mathml""><math xmlns=""http://www.w3.org/1998/Math/MathML""><semantics><mrow><mi>H</mi></mrow><annotation encoding=""application/x-tex"">H</annotation></semantics></math></span><span class=""katex-html"" aria-hidden=""true""><span class=""katex-base""><span class=""katex-strut"" style=""height: 0.6833em;""></span><span style=""margin-right: 0.0813em;"" class=""mord mathnormal"">H</span></span></span></span></span> be the orthocenter of an acute triangle <span><span class=""katex""><span class=""katex-mathml""><math xmlns=""http://www.w3.org/1998/Math/MathML""><semantics><mrow><mi>A</mi><mi>B</mi><mi>C</mi></mrow><annotation encoding=""application/x-tex"">ABC</annotation></semantics></math></span><span class=""katex-html"" aria-hidden=""true""><span class=""katex-base""><span class=""katex-strut"" style=""height: 0.6833em;""></span><span class=""mord mathnormal"">A</span><span style=""margin-right: 0.0502em;"" class=""mord mathnormal"">B</span><span style=""margin-right: 0.0715em;"" class=""mord mathnormal"">C</span></span></span></span></span>. Let <span><span class=""katex""><span class=""katex-mathml""><math xmlns=""http://www.w3.org/1998/Math/MathML""><semantics><mrow><mi>F</mi></mrow><annotation encoding=""application/x-tex"">F</annotation></semantics></math></span><span class=""katex-html"" aria-hidden=""true""><span class=""katex-base""><span class=""katex-strut"" style=""height: 0.6833em;""></span><span style=""margin-right: 0.1389em;"" class=""mord mathnormal"">F</span></span></span></span></span> be the foot of perpendicular from <span><span class=""katex""><span class=""katex-mathml""><math xmlns=""http://www.w3.org/1998/Math/MathML""><semantics><mrow><mi>C</mi></mrow><annotation encoding=""application/x-tex"">C</annotation></semantics></math></span><span class=""katex-html"" aria-hidden=""true""><span class=""katex-base""><span class=""katex-strut"" style=""height: 0.6833em;""></span><span style=""margin-right: 0.0715em;"" class=""mord mathnormal"">C</span></span></span></span></span> to <span><span class=""katex""><span class=""katex-mathml""><math xmlns=""http://www.w3.org/1998/Math/MathML""><semantics><mrow><mi>A</mi><mi>B</mi></mrow><annotation encoding=""application/x-tex"">AB</annotation></semantics></math></span><span class=""katex-html"" aria-hidden=""true""><span class=""katex-base""><span class=""katex-strut"" style=""height: 0.6833em;""></span><span class=""mord mathnormal"">A</span><span style=""margin-right: 0.0502em;"" class=""mord mathnormal"">B</span></span></span></span></span>. Let <span><span class=""katex""><span class=""katex-mathml""><math xmlns=""http://www.w3.org/1998/Math/MathML""><semantics><mrow><mi>E</mi></mrow><annotation encoding=""application/x-tex"">E</annotation></semantics></math></span><span class=""katex-html"" aria-hidden=""true""><span class=""katex-base""><span class=""katex-strut"" style=""height: 0.6833em;""></span><span style=""margin-right: 0.0576em;"" class=""mord mathnormal"">E</span></span></span></span></span> be the foot of the altitude from <span><span class=""katex""><span class=""katex-mathml""><math xmlns=""http://www.w3.org/1998/Math/MathML""><semantics><mrow><mi>A</mi></mrow><annotation encoding=""application/x-tex"">A</annotation></semantics></math></span><span class=""katex-html"" aria-hidden=""true""><span class=""katex-base""><span class=""katex-strut"" style=""height: 0.6833em;""></span><span class=""mord mathnormal"">A</span></span></span></span></span> to <span><span class=""katex""><span class=""katex-mathml""><math xmlns=""http://www.w3.org/1998/Math/MathML""><semantics><mrow><mi>B</mi><mi>C</mi></mrow><annotation encoding=""application/x-tex"">BC</annotation></semantics></math></span><span class=""katex-html"" aria-hidden=""true""><span class=""katex-base""><span class=""katex-strut"" style=""height: 0.6833em;""></span><span style=""margin-right: 0.0502em;"" class=""mord mathnormal"">B</span><span style=""margin-right: 0.0715em;"" class=""mord mathnormal"">C</span></span></span></span></span>. Let <span><span class=""katex""><span class=""katex-mathml""><math xmlns=""http://www.w3.org/1998/Math/MathML""><semantics><mrow><mi>P</mi></mrow><annotation encoding=""application/x-tex"">P</annotation></semantics></math></span><span class=""katex-html"" aria-hidden=""true""><span class=""katex-base""><span class=""katex-strut"" style=""height: 0.6833em;""></span><span style=""margin-right: 0.1389em;"" class=""mord mathnormal"">P</span></span></span></span></span> be that point on line <span><span class=""katex""><span class=""katex-mathml""><math xmlns=""http://www.w3.org/1998/Math/MathML""><semantics><mrow><mi>A</mi><mi>H</mi></mrow><annotation encoding=""application/x-tex"">AH</annotation></semantics></math></span><span class=""katex-html"" aria-hidden=""true""><span class=""katex-base""><span class=""katex-strut"" style=""height: 0.6833em;""></span><span class=""mord mathnormal"">A</span><span style=""margin-right: 0.0813em;"" class=""mord mathnormal"">H</span></span></span></span></span> such that <span><span class=""katex""><span class=""katex-mathml""><math xmlns=""http://www.w3.org/1998/Math/MathML""><semantics><mrow><mi>P</mi><mi>E</mi><mo>⋅</mo><mi>A</mi><mi>E</mi><mo>=</mo><mi>B</mi><mi>E</mi><mo>⋅</mo><mi>C</mi><mi>E</mi></mrow><annotation encoding=""application/x-tex"">PE \cdot AE = BE \cdot CE</annotation></semantics></math></span><span class=""katex-html"" aria-hidden=""true""><span class=""katex-base""><span class=""katex-strut"" style=""height: 0.6833em;""></span><span style=""margin-right: 0.1389em;"" class=""mord mathnormal"">P</span><span style=""margin-right: 0.0576em;"" class=""mord mathnormal"">E</span><span class=""mspace"" style=""margin-right: 0.2222em;""></span><span class=""mbin"">⋅</span><span class=""mspace"" style=""margin-right: 0.2222em;""></span></span><span class=""katex-base""><span class=""katex-strut"" style=""height: 0.6833em;""></span><span class=""mord mathnormal"">A</span><span style=""margin-right: 0.0576em;"" class=""mord mathnormal"">E</span><span class=""mspace"" style=""margin-right: 0.2778em;""></span><span class=""mrel"">=</span><span class=""mspace"" style=""margin-right: 0.2778em;""></span></span><span class=""katex-base""><span class=""katex-strut"" style=""height: 0.6833em;""></span><span style=""margin-right: 0.0502em;"" class=""mord mathnormal"">B</span><span style=""margin-right: 0.0576em;"" class=""mord mathnormal"">E</span><span class=""mspace"" style=""margin-right: 0.2222em;""></span><span class=""mbin"">⋅</span><span class=""mspace"" style=""margin-right: 0.2222em;""></span></span><span class=""katex-base""><span class=""katex-strut"" style=""height: 0.6833em;""></span><span style=""margin-right: 0.0715em;"" class=""mord mathnormal"">C</span><span style=""margin-right: 0.0576em;"" class=""mord mathnormal"">E</span></span></span></span></span> and <span><span class=""katex""><span class=""katex-mathml""><math xmlns=""http://www.w3.org/1998/Math/MathML""><semantics><mrow><mi>P</mi><mi>A</mi><mo>&gt;</mo><mi>A</mi><mi>E</mi></mrow><annotation encoding=""application/x-tex"">PA &gt; AE</annotation></semantics></math></span><span class=""katex-html"" aria-hidden=""true""><span class=""katex-base""><span class=""katex-strut"" style=""height: 0.7224em; vertical-align: -0.0391em;""></span><span style=""margin-right: 0.1389em;"" class=""mord mathnormal"">P</span><span class=""mord mathnormal"">A</span><span class=""mspace"" style=""margin-right: 0.2778em;""></span><span class=""mrel"">&gt;</span><span class=""mspace"" style=""margin-right: 0.2778em;""></span></span><span class=""katex-base""><span class=""katex-strut"" style=""height: 0.6833em;""></span><span class=""mord mathnormal"">A</span><span style=""margin-right: 0.0576em;"" class=""mord mathnormal"">E</span></span></span></span></span>. Suppose the circumcircle of triangle <span><span class=""katex""><span class=""katex-mathml""><math xmlns=""http://www.w3.org/1998/Math/MathML""><semantics><mrow><mi>A</mi><mi>F</mi><mi>P</mi></mrow><annotation encoding=""application/x-tex"">AFP</annotation></semantics></math></span><span class=""katex-html"" aria-hidden=""true""><span class=""katex-base""><span class=""katex-strut"" style=""height: 0.6833em;""></span><span class=""mord mathnormal"">A</span><span style=""margin-right: 0.1389em;"" class=""mord mathnormal"">F</span><span style=""margin-right: 0.1389em;"" class=""mord mathnormal"">P</span></span></span></span></span> intersects line <span><span class=""katex""><span class=""katex-mathml""><math xmlns=""http://www.w3.org/1998/Math/MathML""><semantics><mrow><mi>B</mi><mi>C</mi></mrow><annotation encoding=""application/x-tex"">BC</annotation></semantics></math></span><span class=""katex-html"" aria-hidden=""true""><span class=""katex-base""><span class=""katex-strut"" style=""height: 0.6833em;""></span><span style=""margin-right: 0.0502em;"" class=""mord mathnormal"">B</span><span style=""margin-right: 0.0715em;"" class=""mord mathnormal"">C</span></span></span></span></span> at 2 distinct points <span><span class=""katex""><span class=""katex-mathml""><math xmlns=""http://www.w3.org/1998/Math/MathML""><semantics><mrow><mi>M</mi></mrow><annotation encoding=""application/x-tex"">M</annotation></semantics></math></span><span class=""katex-html"" aria-hidden=""true""><span class=""katex-base""><span class=""katex-strut"" style=""height: 0.6833em;""></span><span style=""margin-right: 0.109em;"" class=""mord mathnormal"">M</span></span></span></span></span> and <span><span class=""katex""><span class=""katex-mathml""><math xmlns=""http://www.w3.org/1998/Math/MathML""><semantics><mrow><mi>N</mi></mrow><annotation encoding=""application/x-tex"">N</annotation></semantics></math></span><span class=""katex-html"" aria-hidden=""true""><span class=""katex-base""><span class=""katex-strut"" style=""height: 0.6833em;""></span><span style=""margin-right: 0.109em;"" class=""mord mathnormal"">N</span></span></span></span></span>. Given that <span><span class=""katex""><span class=""katex-mathml""><math xmlns=""http://www.w3.org/1998/Math/MathML""><semantics><mrow><mi>A</mi><mi>M</mi><mo>=</mo><mn>13</mn></mrow><annotation encoding=""application/x-tex"">AM = 13</annotation></semantics></math></span><span class=""katex-html"" aria-hidden=""true""><span class=""katex-base""><span class=""katex-strut"" style=""height: 0.6833em;""></span><span class=""mord mathnormal"">A</span><span style=""margin-right: 0.109em;"" class=""mord mathnormal"">M</span><span class=""mspace"" style=""margin-right: 0.2778em;""></span><span class=""mrel"">=</span><span class=""mspace"" style=""margin-right: 0.2778em;""></span></span><span class=""katex-base""><span class=""katex-strut"" style=""height: 0.6444em;""></span><span class=""mord"">13</span></span></span></span></span>, <span><span class=""katex""><span class=""katex-mathml""><math xmlns=""http://www.w3.org/1998/Math/MathML""><semantics><mrow><mi>M</mi><mi>N</mi><mo>=</mo><mn>14</mn></mrow><annotation encoding=""application/x-tex"">MN = 14</annotation></semantics></math></span><span class=""katex-html"" aria-hidden=""true""><span class=""katex-base""><span class=""katex-strut"" style=""height: 0.6833em;""></span><span style=""margin-right: 0.109em;"" class=""mord mathnormal"">M</span><span style=""margin-right: 0.109em;"" class=""mord mathnormal"">N</span><span class=""mspace"" style=""margin-right: 0.2778em;""></span><span class=""mrel"">=</span><span class=""mspace"" style=""margin-right: 0.2778em;""></span></span><span class=""katex-base""><span class=""katex-strut"" style=""height: 0.6444em;""></span><span class=""mord"">14</span></span></span></span></span> and <span><span class=""katex""><span class=""katex-mathml""><math xmlns=""http://www.w3.org/1998/Math/MathML""><semantics><mrow><mi>A</mi><mi>N</mi><mo>=</mo><mn>15</mn></mrow><annotation encoding=""application/x-tex"">AN = 15</annotation></semantics></math></span><span class=""katex-html"" aria-hidden=""true""><span class=""katex-base""><span class=""katex-strut"" style=""height: 0.6833em;""></span><span class=""mord mathnormal"">A</span><span style=""margin-right: 0.109em;"" class=""mord mathnormal"">N</span><span class=""mspace"" style=""margin-right: 0.2778em;""></span><span class=""mrel"">=</span><span class=""mspace"" style=""margin-right: 0.2778em;""></span></span><span class=""katex-base""><span class=""katex-strut"" style=""height: 0.6444em;""></span><span class=""mord"">15</span></span></span></span></span>, find the value of <span><span class=""katex""><span class=""katex-mathml""><math xmlns=""http://www.w3.org/1998/Math/MathML""><semantics><mrow><mo stretchy=""false"">⌊</mo><mi>A</mi><mi>C</mi><mo stretchy=""false"">⌋</mo></mrow><annotation encoding=""application/x-tex"">\lfloor AC \rfloor</annotation></semantics></math></span><span class=""katex-html"" aria-hidden=""true""><span class=""katex-base""><span class=""katex-strut"" style=""height: 1em; vertical-align: -0.25em;""></span><span class=""mopen"">⌊</span><span class=""mord mathnormal"">A</span><span style=""margin-right: 0.0715em;"" class=""mord mathnormal"">C</span><span class=""mclose"">⌋</span></span></span></span></span> where <span><span class=""katex""><span class=""katex-mathml""><math xmlns=""http://www.w3.org/1998/Math/MathML""><semantics><mrow><mo stretchy=""false"">⌊</mo><mi>x</mi><mo stretchy=""false"">⌋</mo></mrow><annotation encoding=""application/x-tex"">\lfloor x \rfloor</annotation></semantics></math></span><span class=""katex-html"" aria-hidden=""true""><span class=""katex-base""><span class=""katex-strut"" style=""height: 1em; vertical-align: -0.25em;""></span><span class=""mopen"">⌊</span><span class=""mord mathnormal"">x</span><span class=""mclose"">⌋</span></span></span></span></span> denotes the largest integer less than or equal to <span><span class=""katex""><span class=""katex-mathml""><math xmlns=""http://www.w3.org/1998/Math/MathML""><semantics><mrow><mi>x</mi></mrow><annotation encoding=""application/x-tex"">x</annotation></semantics></math></span><span class=""katex-html"" aria-hidden=""true""><span class=""katex-base""><span class=""katex-strut"" style=""height: 0.4306em;""></span><span class=""mord mathnormal"">x</span></span></span></span></span>."
9a97dc0d-bc9c-4309-b8b2-867df2a5b84a,"Aryan is very scared of the number 2025, because all his seniors have scared him by telling him how difficult his third semester will be. To feel happy, he thinks of the year 2027, when he can enjoy life as a fourthie. He then comes up with the following problem:<br><br>Let
\[S = \sum_{k=1}^{m-1} \left\lfloor \frac{k^m - k}{m} \right\rfloor,\]
where \(m = 2027\). Find the remainder when \(S\) is divided by 2027.",null,"SRMC 2025, Prelims",{},2026-07-26 15:30:08.247885+00,null,1.19 — Sadness,"Aryan is very scared of the number 2025, because all his seniors have scared him by telling him how difficult his third semester will be. To feel happy, he thinks of the year 2027, when he can enjoy life as a fourthie. He then comes up with the following problem:<br><br>Let
<span><span class=""katex-display""><span class=""katex""><span class=""katex-mathml""><math xmlns=""http://www.w3.org/1998/Math/MathML"" display=""block""><semantics><mrow><mi>S</mi><mo>=</mo><munderover><mo>∑</mo><mrow><mi>k</mi><mo>=</mo><mn>1</mn></mrow><mrow><mi>m</mi><mo>−</mo><mn>1</mn></mrow></munderover><mrow><mo fence=""true"">⌊</mo><mfrac><mrow><msup><mi>k</mi><mi>m</mi></msup><mo>−</mo><mi>k</mi></mrow><mi>m</mi></mfrac><mo fence=""true"">⌋</mo></mrow><mo separator=""true"">,</mo></mrow><annotation encoding=""application/x-tex"">S = \sum_{k=1}^{m-1} \left\lfloor \frac{k^m - k}{m} \right\rfloor,</annotation></semantics></math></span><span class=""katex-html"" aria-hidden=""true""><span class=""katex-base""><span class=""katex-strut"" style=""height: 0.6833em;""></span><span style=""margin-right: 0.0576em;"" class=""mord mathnormal"">S</span><span class=""mspace"" style=""margin-right: 0.2778em;""></span><span class=""mrel"">=</span><span class=""mspace"" style=""margin-right: 0.2778em;""></span></span><span class=""katex-base""><span class=""katex-strut"" style=""height: 3.1032em; vertical-align: -1.3021em;""></span><span class=""mop op-limits""><span class=""vlist-t vlist-t2""><span class=""vlist-r""><span class=""vlist"" style=""height: 1.8011em;""><span class="""" style=""top: -1.8479em; margin-left: 0em;""><span class=""pstrut"" style=""height: 3.05em;""></span><span class=""katex-sizing reset-size6 size3 mtight""><span class=""mord mtight""><span style=""margin-right: 0.0315em;"" class=""mord mathnormal mtight"">k</span><span class=""mrel mtight"">=</span><span class=""mord mtight"">1</span></span></span></span><span class="""" style=""top: -3.05em;""><span class=""pstrut"" style=""height: 3.05em;""></span><span class=""""><span class=""mop op-symbol large-op"">∑</span></span></span><span class="""" style=""top: -4.3em; margin-left: 0em;""><span class=""pstrut"" style=""height: 3.05em;""></span><span class=""katex-sizing reset-size6 size3 mtight""><span class=""mord mtight""><span class=""mord mathnormal mtight"">m</span><span class=""mbin mtight"">−</span><span class=""mord mtight"">1</span></span></span></span></span><span class=""vlist-s"">​</span></span><span class=""vlist-r""><span class=""vlist"" style=""height: 1.3021em;""><span class=""""></span></span></span></span></span><span class=""mspace"" style=""margin-right: 0.1667em;""></span><span class=""minner""><span class=""mopen delimcenter"" style=""top: 0em;""><span class=""delimsizing size3"">⌊</span></span><span class=""mord""><span class=""mopen nulldelimiter""></span><span class=""mfrac""><span class=""vlist-t vlist-t2""><span class=""vlist-r""><span class=""vlist"" style=""height: 1.3714em;""><span class="""" style=""top: -2.314em;""><span class=""pstrut"" style=""height: 3em;""></span><span class=""mord""><span class=""mord mathnormal"">m</span></span></span><span class="""" style=""top: -3.23em;""><span class=""pstrut"" style=""height: 3em;""></span><span class=""frac-line"" style=""border-bottom-width: 0.04em;""></span></span><span class="""" style=""top: -3.677em;""><span class=""pstrut"" style=""height: 3em;""></span><span class=""mord""><span class=""mord""><span style=""margin-right: 0.0315em;"" class=""mord mathnormal"">k</span><span class=""msupsub""><span class=""vlist-t""><span class=""vlist-r""><span class=""vlist"" style=""height: 0.6644em;""><span class="""" style=""top: -3.063em; margin-right: 0.05em;""><span class=""pstrut"" style=""height: 2.7em;""></span><span class=""katex-sizing reset-size6 size3 mtight""><span class=""mord mathnormal mtight"">m</span></span></span></span></span></span></span></span><span class=""mspace"" style=""margin-right: 0.2222em;""></span><span class=""mbin"">−</span><span class=""mspace"" style=""margin-right: 0.2222em;""></span><span style=""margin-right: 0.0315em;"" class=""mord mathnormal"">k</span></span></span></span><span class=""vlist-s"">​</span></span><span class=""vlist-r""><span class=""vlist"" style=""height: 0.686em;""><span class=""""></span></span></span></span></span><span class=""mclose nulldelimiter""></span></span><span class=""mclose delimcenter"" style=""top: 0em;""><span class=""delimsizing size3"">⌋</span></span></span><span class=""mspace"" style=""margin-right: 0.1667em;""></span><span class=""mpunct"">,</span></span></span></span></span></span>
where <span><span class=""katex""><span class=""katex-mathml""><math xmlns=""http://www.w3.org/1998/Math/MathML""><semantics><mrow><mi>m</mi><mo>=</mo><mn>2027</mn></mrow><annotation encoding=""application/x-tex"">m = 2027</annotation></semantics></math></span><span class=""katex-html"" aria-hidden=""true""><span class=""katex-base""><span class=""katex-strut"" style=""height: 0.4306em;""></span><span class=""mord mathnormal"">m</span><span class=""mspace"" style=""margin-right: 0.2778em;""></span><span class=""mrel"">=</span><span class=""mspace"" style=""margin-right: 0.2778em;""></span></span><span class=""katex-base""><span class=""katex-strut"" style=""height: 0.6444em;""></span><span class=""mord"">2027</span></span></span></span></span>. Find the remainder when <span><span class=""katex""><span class=""katex-mathml""><math xmlns=""http://www.w3.org/1998/Math/MathML""><semantics><mrow><mi>S</mi></mrow><annotation encoding=""application/x-tex"">S</annotation></semantics></math></span><span class=""katex-html"" aria-hidden=""true""><span class=""katex-base""><span class=""katex-strut"" style=""height: 0.6833em;""></span><span style=""margin-right: 0.0576em;"" class=""mord mathnormal"">S</span></span></span></span></span> is divided by 2027."
8bbe4e36-f283-4448-a6d6-d2ff479e7ef9,"Let \(A \in \mathbb{R}^{a \times m}\) and \(B \in \mathbb{R}^{n \times b}\). For all \(A, B\) there is a matrix \(X \in \mathbb{R}^{m \times n}\) such that
\[X \ne O \quad \text{but} \quad AXB = O\]
Find the number of ordered pairs \((m, n)\) for which no pair \((a, b)\) exists satisfying the above relation and \(a^b \ge 100\) where \(a, b, m, n \in \mathbb{Z}^+\).",null,"SRMC 2025, Prelims",{},2026-07-26 15:30:08.281789+00,null,1.20 — Linear algebra or Number Theory?,"Let <span><span class=""katex""><span class=""katex-mathml""><math xmlns=""http://www.w3.org/1998/Math/MathML""><semantics><mrow><mi>A</mi><mo>∈</mo><msup><mi mathvariant=""double-struck"">R</mi><mrow><mi>a</mi><mo>×</mo><mi>m</mi></mrow></msup></mrow><annotation encoding=""application/x-tex"">A \in \mathbb{R}^{a \times m}</annotation></semantics></math></span><span class=""katex-html"" aria-hidden=""true""><span class=""katex-base""><span class=""katex-strut"" style=""height: 0.7224em; vertical-align: -0.0391em;""></span><span class=""mord mathnormal"">A</span><span class=""mspace"" style=""margin-right: 0.2778em;""></span><span class=""mrel"">∈</span><span class=""mspace"" style=""margin-right: 0.2778em;""></span></span><span class=""katex-base""><span class=""katex-strut"" style=""height: 0.7713em;""></span><span class=""mord""><span class=""mord mathbb"">R</span><span class=""msupsub""><span class=""vlist-t""><span class=""vlist-r""><span class=""vlist"" style=""height: 0.7713em;""><span class="""" style=""top: -3.063em; margin-right: 0.05em;""><span class=""pstrut"" style=""height: 2.7em;""></span><span class=""katex-sizing reset-size6 size3 mtight""><span class=""mord mtight""><span class=""mord mathnormal mtight"">a</span><span class=""mbin mtight"">×</span><span class=""mord mathnormal mtight"">m</span></span></span></span></span></span></span></span></span></span></span></span></span> and <span><span class=""katex""><span class=""katex-mathml""><math xmlns=""http://www.w3.org/1998/Math/MathML""><semantics><mrow><mi>B</mi><mo>∈</mo><msup><mi mathvariant=""double-struck"">R</mi><mrow><mi>n</mi><mo>×</mo><mi>b</mi></mrow></msup></mrow><annotation encoding=""application/x-tex"">B \in \mathbb{R}^{n \times b}</annotation></semantics></math></span><span class=""katex-html"" aria-hidden=""true""><span class=""katex-base""><span class=""katex-strut"" style=""height: 0.7224em; vertical-align: -0.0391em;""></span><span style=""margin-right: 0.0502em;"" class=""mord mathnormal"">B</span><span class=""mspace"" style=""margin-right: 0.2778em;""></span><span class=""mrel"">∈</span><span class=""mspace"" style=""margin-right: 0.2778em;""></span></span><span class=""katex-base""><span class=""katex-strut"" style=""height: 0.8491em;""></span><span class=""mord""><span class=""mord mathbb"">R</span><span class=""msupsub""><span class=""vlist-t""><span class=""vlist-r""><span class=""vlist"" style=""height: 0.8491em;""><span class="""" style=""top: -3.063em; margin-right: 0.05em;""><span class=""pstrut"" style=""height: 2.7em;""></span><span class=""katex-sizing reset-size6 size3 mtight""><span class=""mord mtight""><span class=""mord mathnormal mtight"">n</span><span class=""mbin mtight"">×</span><span class=""mord mathnormal mtight"">b</span></span></span></span></span></span></span></span></span></span></span></span></span>. For all <span><span class=""katex""><span class=""katex-mathml""><math xmlns=""http://www.w3.org/1998/Math/MathML""><semantics><mrow><mi>A</mi><mo separator=""true"">,</mo><mi>B</mi></mrow><annotation encoding=""application/x-tex"">A, B</annotation></semantics></math></span><span class=""katex-html"" aria-hidden=""true""><span class=""katex-base""><span class=""katex-strut"" style=""height: 0.8778em; vertical-align: -0.1944em;""></span><span class=""mord mathnormal"">A</span><span class=""mpunct"">,</span><span class=""mspace"" style=""margin-right: 0.1667em;""></span><span style=""margin-right: 0.0502em;"" class=""mord mathnormal"">B</span></span></span></span></span> there is a matrix <span><span class=""katex""><span class=""katex-mathml""><math xmlns=""http://www.w3.org/1998/Math/MathML""><semantics><mrow><mi>X</mi><mo>∈</mo><msup><mi mathvariant=""double-struck"">R</mi><mrow><mi>m</mi><mo>×</mo><mi>n</mi></mrow></msup></mrow><annotation encoding=""application/x-tex"">X \in \mathbb{R}^{m \times n}</annotation></semantics></math></span><span class=""katex-html"" aria-hidden=""true""><span class=""katex-base""><span class=""katex-strut"" style=""height: 0.7224em; vertical-align: -0.0391em;""></span><span style=""margin-right: 0.0785em;"" class=""mord mathnormal"">X</span><span class=""mspace"" style=""margin-right: 0.2778em;""></span><span class=""mrel"">∈</span><span class=""mspace"" style=""margin-right: 0.2778em;""></span></span><span class=""katex-base""><span class=""katex-strut"" style=""height: 0.7713em;""></span><span class=""mord""><span class=""mord mathbb"">R</span><span class=""msupsub""><span class=""vlist-t""><span class=""vlist-r""><span class=""vlist"" style=""height: 0.7713em;""><span class="""" style=""top: -3.063em; margin-right: 0.05em;""><span class=""pstrut"" style=""height: 2.7em;""></span><span class=""katex-sizing reset-size6 size3 mtight""><span class=""mord mtight""><span class=""mord mathnormal mtight"">m</span><span class=""mbin mtight"">×</span><span class=""mord mathnormal mtight"">n</span></span></span></span></span></span></span></span></span></span></span></span></span> such that
<span><span class=""katex-display""><span class=""katex""><span class=""katex-mathml""><math xmlns=""http://www.w3.org/1998/Math/MathML"" display=""block""><semantics><mrow><mi>X</mi><mo mathvariant=""normal"">≠</mo><mi>O</mi><mspace width=""1em""></mspace><mtext>but</mtext><mspace width=""1em""></mspace><mi>A</mi><mi>X</mi><mi>B</mi><mo>=</mo><mi>O</mi></mrow><annotation encoding=""application/x-tex"">X \ne O \quad \text{but} \quad AXB = O</annotation></semantics></math></span><span class=""katex-html"" aria-hidden=""true""><span class=""katex-base""><span class=""katex-strut"" style=""height: 0.8889em; vertical-align: -0.1944em;""></span><span style=""margin-right: 0.0785em;"" class=""mord mathnormal"">X</span><span class=""mspace"" style=""margin-right: 0.2778em;""></span><span class=""mrel""><span class=""mrel""><span class=""mord katex-vbox""><span class=""katex-thinbox""><span class=""rlap""><span class=""katex-strut"" style=""height: 0.8889em; vertical-align: -0.1944em;""></span><span class=""katex-inner""><span class=""mord""><span class=""mrel""></span></span></span><span class=""katex-fix""></span></span></span></span></span><span class=""mspace nobreak""></span><span class=""mrel"">=</span></span><span class=""mspace"" style=""margin-right: 0.2778em;""></span></span><span class=""katex-base""><span class=""katex-strut"" style=""height: 0.6944em;""></span><span style=""margin-right: 0.0278em;"" class=""mord mathnormal"">O</span><span class=""mspace"" style=""margin-right: 1em;""></span><span class=""mord text""><span class=""mord"">but</span></span><span class=""mspace"" style=""margin-right: 1em;""></span><span class=""mord mathnormal"">A</span><span style=""margin-right: 0.0785em;"" class=""mord mathnormal"">X</span><span style=""margin-right: 0.0502em;"" class=""mord mathnormal"">B</span><span class=""mspace"" style=""margin-right: 0.2778em;""></span><span class=""mrel"">=</span><span class=""mspace"" style=""margin-right: 0.2778em;""></span></span><span class=""katex-base""><span class=""katex-strut"" style=""height: 0.6833em;""></span><span style=""margin-right: 0.0278em;"" class=""mord mathnormal"">O</span></span></span></span></span></span>
Find the number of ordered pairs <span><span class=""katex""><span class=""katex-mathml""><math xmlns=""http://www.w3.org/1998/Math/MathML""><semantics><mrow><mo stretchy=""false"">(</mo><mi>m</mi><mo separator=""true"">,</mo><mi>n</mi><mo stretchy=""false"">)</mo></mrow><annotation encoding=""application/x-tex"">(m, n)</annotation></semantics></math></span><span class=""katex-html"" aria-hidden=""true""><span class=""katex-base""><span class=""katex-strut"" style=""height: 1em; vertical-align: -0.25em;""></span><span class=""mopen"">(</span><span class=""mord mathnormal"">m</span><span class=""mpunct"">,</span><span class=""mspace"" style=""margin-right: 0.1667em;""></span><span class=""mord mathnormal"">n</span><span class=""mclose"">)</span></span></span></span></span> for which no pair <span><span class=""katex""><span class=""katex-mathml""><math xmlns=""http://www.w3.org/1998/Math/MathML""><semantics><mrow><mo stretchy=""false"">(</mo><mi>a</mi><mo separator=""true"">,</mo><mi>b</mi><mo stretchy=""false"">)</mo></mrow><annotation encoding=""application/x-tex"">(a, b)</annotation></semantics></math></span><span class=""katex-html"" aria-hidden=""true""><span class=""katex-base""><span class=""katex-strut"" style=""height: 1em; vertical-align: -0.25em;""></span><span class=""mopen"">(</span><span class=""mord mathnormal"">a</span><span class=""mpunct"">,</span><span class=""mspace"" style=""margin-right: 0.1667em;""></span><span class=""mord mathnormal"">b</span><span class=""mclose"">)</span></span></span></span></span> exists satisfying the above relation and <span><span class=""katex""><span class=""katex-mathml""><math xmlns=""http://www.w3.org/1998/Math/MathML""><semantics><mrow><msup><mi>a</mi><mi>b</mi></msup><mo>≥</mo><mn>100</mn></mrow><annotation encoding=""application/x-tex"">a^b \ge 100</annotation></semantics></math></span><span class=""katex-html"" aria-hidden=""true""><span class=""katex-base""><span class=""katex-strut"" style=""height: 0.9851em; vertical-align: -0.136em;""></span><span class=""mord""><span class=""mord mathnormal"">a</span><span class=""msupsub""><span class=""vlist-t""><span class=""vlist-r""><span class=""vlist"" style=""height: 0.8491em;""><span class="""" style=""top: -3.063em; margin-right: 0.05em;""><span class=""pstrut"" style=""height: 2.7em;""></span><span class=""katex-sizing reset-size6 size3 mtight""><span class=""mord mathnormal mtight"">b</span></span></span></span></span></span></span></span><span class=""mspace"" style=""margin-right: 0.2778em;""></span><span class=""mrel"">≥</span><span class=""mspace"" style=""margin-right: 0.2778em;""></span></span><span class=""katex-base""><span class=""katex-strut"" style=""height: 0.6444em;""></span><span class=""mord"">100</span></span></span></span></span> where <span><span class=""katex""><span class=""katex-mathml""><math xmlns=""http://www.w3.org/1998/Math/MathML""><semantics><mrow><mi>a</mi><mo separator=""true"">,</mo><mi>b</mi><mo separator=""true"">,</mo><mi>m</mi><mo separator=""true"">,</mo><mi>n</mi><mo>∈</mo><msup><mi mathvariant=""double-struck"">Z</mi><mo>+</mo></msup></mrow><annotation encoding=""application/x-tex"">a, b, m, n \in \mathbb{Z}^+</annotation></semantics></math></span><span class=""katex-html"" aria-hidden=""true""><span class=""katex-base""><span class=""katex-strut"" style=""height: 0.8889em; vertical-align: -0.1944em;""></span><span class=""mord mathnormal"">a</span><span class=""mpunct"">,</span><span class=""mspace"" style=""margin-right: 0.1667em;""></span><span class=""mord mathnormal"">b</span><span class=""mpunct"">,</span><span class=""mspace"" style=""margin-right: 0.1667em;""></span><span class=""mord mathnormal"">m</span><span class=""mpunct"">,</span><span class=""mspace"" style=""margin-right: 0.1667em;""></span><span class=""mord mathnormal"">n</span><span class=""mspace"" style=""margin-right: 0.2778em;""></span><span class=""mrel"">∈</span><span class=""mspace"" style=""margin-right: 0.2778em;""></span></span><span class=""katex-base""><span class=""katex-strut"" style=""height: 0.7713em;""></span><span class=""mord""><span class=""mord mathbb"">Z</span><span class=""msupsub""><span class=""vlist-t""><span class=""vlist-r""><span class=""vlist"" style=""height: 0.7713em;""><span class="""" style=""top: -3.063em; margin-right: 0.05em;""><span class=""pstrut"" style=""height: 2.7em;""></span><span class=""katex-sizing reset-size6 size3 mtight""><span class=""mbin mtight"">+</span></span></span></span></span></span></span></span></span></span></span></span>."
5ee79ec1-d690-41ca-a2c8-4e86973cdf03,"Consider the sequence of integers from 1 to 103. Determine the sum of all elements in this sequence which, when removed individually, allow the remaining 102 numbers to be partitioned into 3 subsets of equal size and equal sum.",null,"SRMC 2025, Prelims",{},2026-07-26 15:30:08.307908+00,null,1.21 — Set partitions,"Consider the sequence of integers from 1 to 103. Determine the sum of all elements in this sequence which, when removed individually, allow the remaining 102 numbers to be partitioned into 3 subsets of equal size and equal sum."
d6c673fc-5804-48db-becd-dec8bba767e1,"\(ABCD\) is a given parallelogram. A point \(P\) is taken on \(AB\) and another point \(Q\) on \(DP\) such that \(AP = \frac{AB}{3}\) and \(DQ = \frac{DP}{3}\). Find the ratio of areas of \(\triangle QBC\) and \(\square ABCD\). If the ratio in the simplest form is \(\frac{m}{n}\) (here \(m, n\) are co-prime positive integers) then report \(m+n\) as your answer.",null,"SRMC 2025, Prelims",{},2026-07-26 15:30:08.343545+00,null,1.22 — A Parallelogram Puzzle,"<span><span class=""katex""><span class=""katex-mathml""><math xmlns=""http://www.w3.org/1998/Math/MathML""><semantics><mrow><mi>A</mi><mi>B</mi><mi>C</mi><mi>D</mi></mrow><annotation encoding=""application/x-tex"">ABCD</annotation></semantics></math></span><span class=""katex-html"" aria-hidden=""true""><span class=""katex-base""><span class=""katex-strut"" style=""height: 0.6833em;""></span><span class=""mord mathnormal"">A</span><span style=""margin-right: 0.0502em;"" class=""mord mathnormal"">B</span><span style=""margin-right: 0.0715em;"" class=""mord mathnormal"">C</span><span style=""margin-right: 0.0278em;"" class=""mord mathnormal"">D</span></span></span></span></span> is a given parallelogram. A point <span><span class=""katex""><span class=""katex-mathml""><math xmlns=""http://www.w3.org/1998/Math/MathML""><semantics><mrow><mi>P</mi></mrow><annotation encoding=""application/x-tex"">P</annotation></semantics></math></span><span class=""katex-html"" aria-hidden=""true""><span class=""katex-base""><span class=""katex-strut"" style=""height: 0.6833em;""></span><span style=""margin-right: 0.1389em;"" class=""mord mathnormal"">P</span></span></span></span></span> is taken on <span><span class=""katex""><span class=""katex-mathml""><math xmlns=""http://www.w3.org/1998/Math/MathML""><semantics><mrow><mi>A</mi><mi>B</mi></mrow><annotation encoding=""application/x-tex"">AB</annotation></semantics></math></span><span class=""katex-html"" aria-hidden=""true""><span class=""katex-base""><span class=""katex-strut"" style=""height: 0.6833em;""></span><span class=""mord mathnormal"">A</span><span style=""margin-right: 0.0502em;"" class=""mord mathnormal"">B</span></span></span></span></span> and another point <span><span class=""katex""><span class=""katex-mathml""><math xmlns=""http://www.w3.org/1998/Math/MathML""><semantics><mrow><mi>Q</mi></mrow><annotation encoding=""application/x-tex"">Q</annotation></semantics></math></span><span class=""katex-html"" aria-hidden=""true""><span class=""katex-base""><span class=""katex-strut"" style=""height: 0.8778em; vertical-align: -0.1944em;""></span><span class=""mord mathnormal"">Q</span></span></span></span></span> on <span><span class=""katex""><span class=""katex-mathml""><math xmlns=""http://www.w3.org/1998/Math/MathML""><semantics><mrow><mi>D</mi><mi>P</mi></mrow><annotation encoding=""application/x-tex"">DP</annotation></semantics></math></span><span class=""katex-html"" aria-hidden=""true""><span class=""katex-base""><span class=""katex-strut"" style=""height: 0.6833em;""></span><span style=""margin-right: 0.0278em;"" class=""mord mathnormal"">D</span><span style=""margin-right: 0.1389em;"" class=""mord mathnormal"">P</span></span></span></span></span> such that <span><span class=""katex""><span class=""katex-mathml""><math xmlns=""http://www.w3.org/1998/Math/MathML""><semantics><mrow><mi>A</mi><mi>P</mi><mo>=</mo><mfrac><mrow><mi>A</mi><mi>B</mi></mrow><mn>3</mn></mfrac></mrow><annotation encoding=""application/x-tex"">AP = \frac{AB}{3}</annotation></semantics></math></span><span class=""katex-html"" aria-hidden=""true""><span class=""katex-base""><span class=""katex-strut"" style=""height: 0.6833em;""></span><span class=""mord mathnormal"">A</span><span style=""margin-right: 0.1389em;"" class=""mord mathnormal"">P</span><span class=""mspace"" style=""margin-right: 0.2778em;""></span><span class=""mrel"">=</span><span class=""mspace"" style=""margin-right: 0.2778em;""></span></span><span class=""katex-base""><span class=""katex-strut"" style=""height: 1.2173em; vertical-align: -0.345em;""></span><span class=""mord""><span class=""mopen nulldelimiter""></span><span class=""mfrac""><span class=""vlist-t vlist-t2""><span class=""vlist-r""><span class=""vlist"" style=""height: 0.8723em;""><span class="""" style=""top: -2.655em;""><span class=""pstrut"" style=""height: 3em;""></span><span class=""katex-sizing reset-size6 size3 mtight""><span class=""mord mtight""><span class=""mord mtight"">3</span></span></span></span><span class="""" style=""top: -3.23em;""><span class=""pstrut"" style=""height: 3em;""></span><span class=""frac-line"" style=""border-bottom-width: 0.04em;""></span></span><span class="""" style=""top: -3.394em;""><span class=""pstrut"" style=""height: 3em;""></span><span class=""katex-sizing reset-size6 size3 mtight""><span class=""mord mtight""><span class=""mord mathnormal mtight"">A</span><span style=""margin-right: 0.0502em;"" class=""mord mathnormal mtight"">B</span></span></span></span></span><span class=""vlist-s"">​</span></span><span class=""vlist-r""><span class=""vlist"" style=""height: 0.345em;""><span class=""""></span></span></span></span></span><span class=""mclose nulldelimiter""></span></span></span></span></span></span> and <span><span class=""katex""><span class=""katex-mathml""><math xmlns=""http://www.w3.org/1998/Math/MathML""><semantics><mrow><mi>D</mi><mi>Q</mi><mo>=</mo><mfrac><mrow><mi>D</mi><mi>P</mi></mrow><mn>3</mn></mfrac></mrow><annotation encoding=""application/x-tex"">DQ = \frac{DP}{3}</annotation></semantics></math></span><span class=""katex-html"" aria-hidden=""true""><span class=""katex-base""><span class=""katex-strut"" style=""height: 0.8778em; vertical-align: -0.1944em;""></span><span style=""margin-right: 0.0278em;"" class=""mord mathnormal"">D</span><span class=""mord mathnormal"">Q</span><span class=""mspace"" style=""margin-right: 0.2778em;""></span><span class=""mrel"">=</span><span class=""mspace"" style=""margin-right: 0.2778em;""></span></span><span class=""katex-base""><span class=""katex-strut"" style=""height: 1.2173em; vertical-align: -0.345em;""></span><span class=""mord""><span class=""mopen nulldelimiter""></span><span class=""mfrac""><span class=""vlist-t vlist-t2""><span class=""vlist-r""><span class=""vlist"" style=""height: 0.8723em;""><span class="""" style=""top: -2.655em;""><span class=""pstrut"" style=""height: 3em;""></span><span class=""katex-sizing reset-size6 size3 mtight""><span class=""mord mtight""><span class=""mord mtight"">3</span></span></span></span><span class="""" style=""top: -3.23em;""><span class=""pstrut"" style=""height: 3em;""></span><span class=""frac-line"" style=""border-bottom-width: 0.04em;""></span></span><span class="""" style=""top: -3.394em;""><span class=""pstrut"" style=""height: 3em;""></span><span class=""katex-sizing reset-size6 size3 mtight""><span class=""mord mtight""><span style=""margin-right: 0.0278em;"" class=""mord mathnormal mtight"">D</span><span style=""margin-right: 0.1389em;"" class=""mord mathnormal mtight"">P</span></span></span></span></span><span class=""vlist-s"">​</span></span><span class=""vlist-r""><span class=""vlist"" style=""height: 0.345em;""><span class=""""></span></span></span></span></span><span class=""mclose nulldelimiter""></span></span></span></span></span></span>. Find the ratio of areas of <span><span class=""katex""><span class=""katex-mathml""><math xmlns=""http://www.w3.org/1998/Math/MathML""><semantics><mrow><mi mathvariant=""normal"">△</mi><mi>Q</mi><mi>B</mi><mi>C</mi></mrow><annotation encoding=""application/x-tex"">\triangle QBC</annotation></semantics></math></span><span class=""katex-html"" aria-hidden=""true""><span class=""katex-base""><span class=""katex-strut"" style=""height: 0.8889em; vertical-align: -0.1944em;""></span><span class=""mord"">△</span><span style=""margin-right: 0.0502em;"" class=""mord mathnormal"">QB</span><span style=""margin-right: 0.0715em;"" class=""mord mathnormal"">C</span></span></span></span></span> and <span><span class=""katex""><span class=""katex-mathml""><math xmlns=""http://www.w3.org/1998/Math/MathML""><semantics><mrow><mi mathvariant=""normal"">□</mi><mi>A</mi><mi>B</mi><mi>C</mi><mi>D</mi></mrow><annotation encoding=""application/x-tex"">\square ABCD</annotation></semantics></math></span><span class=""katex-html"" aria-hidden=""true""><span class=""katex-base""><span class=""katex-strut"" style=""height: 0.6833em;""></span><span class=""mord amsrm"">□</span><span class=""mord mathnormal"">A</span><span style=""margin-right: 0.0502em;"" class=""mord mathnormal"">B</span><span style=""margin-right: 0.0715em;"" class=""mord mathnormal"">C</span><span style=""margin-right: 0.0278em;"" class=""mord mathnormal"">D</span></span></span></span></span>. If the ratio in the simplest form is <span><span class=""katex""><span class=""katex-mathml""><math xmlns=""http://www.w3.org/1998/Math/MathML""><semantics><mrow><mfrac><mi>m</mi><mi>n</mi></mfrac></mrow><annotation encoding=""application/x-tex"">\frac{m}{n}</annotation></semantics></math></span><span class=""katex-html"" aria-hidden=""true""><span class=""katex-base""><span class=""katex-strut"" style=""height: 1.0404em; vertical-align: -0.345em;""></span><span class=""mord""><span class=""mopen nulldelimiter""></span><span class=""mfrac""><span class=""vlist-t vlist-t2""><span class=""vlist-r""><span class=""vlist"" style=""height: 0.6954em;""><span class="""" style=""top: -2.655em;""><span class=""pstrut"" style=""height: 3em;""></span><span class=""katex-sizing reset-size6 size3 mtight""><span class=""mord mtight""><span class=""mord mathnormal mtight"">n</span></span></span></span><span class="""" style=""top: -3.23em;""><span class=""pstrut"" style=""height: 3em;""></span><span class=""frac-line"" style=""border-bottom-width: 0.04em;""></span></span><span class="""" style=""top: -3.394em;""><span class=""pstrut"" style=""height: 3em;""></span><span class=""katex-sizing reset-size6 size3 mtight""><span class=""mord mtight""><span class=""mord mathnormal mtight"">m</span></span></span></span></span><span class=""vlist-s"">​</span></span><span class=""vlist-r""><span class=""vlist"" style=""height: 0.345em;""><span class=""""></span></span></span></span></span><span class=""mclose nulldelimiter""></span></span></span></span></span></span> (here <span><span class=""katex""><span class=""katex-mathml""><math xmlns=""http://www.w3.org/1998/Math/MathML""><semantics><mrow><mi>m</mi><mo separator=""true"">,</mo><mi>n</mi></mrow><annotation encoding=""application/x-tex"">m, n</annotation></semantics></math></span><span class=""katex-html"" aria-hidden=""true""><span class=""katex-base""><span class=""katex-strut"" style=""height: 0.625em; vertical-align: -0.1944em;""></span><span class=""mord mathnormal"">m</span><span class=""mpunct"">,</span><span class=""mspace"" style=""margin-right: 0.1667em;""></span><span class=""mord mathnormal"">n</span></span></span></span></span> are co-prime positive integers) then report <span><span class=""katex""><span class=""katex-mathml""><math xmlns=""http://www.w3.org/1998/Math/MathML""><semantics><mrow><mi>m</mi><mo>+</mo><mi>n</mi></mrow><annotation encoding=""application/x-tex"">m+n</annotation></semantics></math></span><span class=""katex-html"" aria-hidden=""true""><span class=""katex-base""><span class=""katex-strut"" style=""height: 0.6667em; vertical-align: -0.0833em;""></span><span class=""mord mathnormal"">m</span><span class=""mspace"" style=""margin-right: 0.2222em;""></span><span class=""mbin"">+</span><span class=""mspace"" style=""margin-right: 0.2222em;""></span></span><span class=""katex-base""><span class=""katex-strut"" style=""height: 0.4306em;""></span><span class=""mord mathnormal"">n</span></span></span></span></span> as your answer."
6745b450-eb95-4280-82a2-fb86ba4c3a9f,"\(\mathbb{Z}^+\) denotes the set of positive integers. Let a class of functions \(\mathcal{F}\) be defined as follows. In this class any function \(f \in \mathcal{F}\) is such that \(f: \mathbb{Z}^+ \to \mathbb{Z}^+\) and \(m^2 + f(m)f(n)\) is divisible by \(f(m) + n\), \(\forall m, n \in \mathbb{Z}^+\). What is the minimum value of \(f(100)\) where \(f \in \mathcal{F}\)?",null,"SRMC 2025, Prelims",{},2026-07-26 15:30:08.382071+00,null,1.23 — You wud rather want to skip this question,"<span><span class=""katex""><span class=""katex-mathml""><math xmlns=""http://www.w3.org/1998/Math/MathML""><semantics><mrow><msup><mi mathvariant=""double-struck"">Z</mi><mo>+</mo></msup></mrow><annotation encoding=""application/x-tex"">\mathbb{Z}^+</annotation></semantics></math></span><span class=""katex-html"" aria-hidden=""true""><span class=""katex-base""><span class=""katex-strut"" style=""height: 0.7713em;""></span><span class=""mord""><span class=""mord mathbb"">Z</span><span class=""msupsub""><span class=""vlist-t""><span class=""vlist-r""><span class=""vlist"" style=""height: 0.7713em;""><span class="""" style=""top: -3.063em; margin-right: 0.05em;""><span class=""pstrut"" style=""height: 2.7em;""></span><span class=""katex-sizing reset-size6 size3 mtight""><span class=""mbin mtight"">+</span></span></span></span></span></span></span></span></span></span></span></span> denotes the set of positive integers. Let a class of functions <span><span class=""katex""><span class=""katex-mathml""><math xmlns=""http://www.w3.org/1998/Math/MathML""><semantics><mrow><mi mathvariant=""script"">F</mi></mrow><annotation encoding=""application/x-tex"">\mathcal{F}</annotation></semantics></math></span><span class=""katex-html"" aria-hidden=""true""><span class=""katex-base""><span class=""katex-strut"" style=""height: 0.6833em;""></span><span style=""margin-right: 0.0993em;"" class=""mord mathcal"">F</span></span></span></span></span> be defined as follows. In this class any function <span><span class=""katex""><span class=""katex-mathml""><math xmlns=""http://www.w3.org/1998/Math/MathML""><semantics><mrow><mi>f</mi><mo>∈</mo><mi mathvariant=""script"">F</mi></mrow><annotation encoding=""application/x-tex"">f \in \mathcal{F}</annotation></semantics></math></span><span class=""katex-html"" aria-hidden=""true""><span class=""katex-base""><span class=""katex-strut"" style=""height: 0.8889em; vertical-align: -0.1944em;""></span><span style=""margin-right: 0.1076em;"" class=""mord mathnormal"">f</span><span class=""mspace"" style=""margin-right: 0.2778em;""></span><span class=""mrel"">∈</span><span class=""mspace"" style=""margin-right: 0.2778em;""></span></span><span class=""katex-base""><span class=""katex-strut"" style=""height: 0.6833em;""></span><span style=""margin-right: 0.0993em;"" class=""mord mathcal"">F</span></span></span></span></span> is such that <span><span class=""katex""><span class=""katex-mathml""><math xmlns=""http://www.w3.org/1998/Math/MathML""><semantics><mrow><mi>f</mi><mo>:</mo><msup><mi mathvariant=""double-struck"">Z</mi><mo>+</mo></msup><mo>→</mo><msup><mi mathvariant=""double-struck"">Z</mi><mo>+</mo></msup></mrow><annotation encoding=""application/x-tex"">f: \mathbb{Z}^+ \to \mathbb{Z}^+</annotation></semantics></math></span><span class=""katex-html"" aria-hidden=""true""><span class=""katex-base""><span class=""katex-strut"" style=""height: 0.8889em; vertical-align: -0.1944em;""></span><span style=""margin-right: 0.1076em;"" class=""mord mathnormal"">f</span><span class=""mspace"" style=""margin-right: 0.2778em;""></span><span class=""mrel"">:</span><span class=""mspace"" style=""margin-right: 0.2778em;""></span></span><span class=""katex-base""><span class=""katex-strut"" style=""height: 0.7713em;""></span><span class=""mord""><span class=""mord mathbb"">Z</span><span class=""msupsub""><span class=""vlist-t""><span class=""vlist-r""><span class=""vlist"" style=""height: 0.7713em;""><span class="""" style=""top: -3.063em; margin-right: 0.05em;""><span class=""pstrut"" style=""height: 2.7em;""></span><span class=""katex-sizing reset-size6 size3 mtight""><span class=""mbin mtight"">+</span></span></span></span></span></span></span></span><span class=""mspace"" style=""margin-right: 0.2778em;""></span><span class=""mrel"">→</span><span class=""mspace"" style=""margin-right: 0.2778em;""></span></span><span class=""katex-base""><span class=""katex-strut"" style=""height: 0.7713em;""></span><span class=""mord""><span class=""mord mathbb"">Z</span><span class=""msupsub""><span class=""vlist-t""><span class=""vlist-r""><span class=""vlist"" style=""height: 0.7713em;""><span class="""" style=""top: -3.063em; margin-right: 0.05em;""><span class=""pstrut"" style=""height: 2.7em;""></span><span class=""katex-sizing reset-size6 size3 mtight""><span class=""mbin mtight"">+</span></span></span></span></span></span></span></span></span></span></span></span> and <span><span class=""katex""><span class=""katex-mathml""><math xmlns=""http://www.w3.org/1998/Math/MathML""><semantics><mrow><msup><mi>m</mi><mn>2</mn></msup><mo>+</mo><mi>f</mi><mo stretchy=""false"">(</mo><mi>m</mi><mo stretchy=""false"">)</mo><mi>f</mi><mo stretchy=""false"">(</mo><mi>n</mi><mo stretchy=""false"">)</mo></mrow><annotation encoding=""application/x-tex"">m^2 + f(m)f(n)</annotation></semantics></math></span><span class=""katex-html"" aria-hidden=""true""><span class=""katex-base""><span class=""katex-strut"" style=""height: 0.8974em; vertical-align: -0.0833em;""></span><span class=""mord""><span class=""mord mathnormal"">m</span><span class=""msupsub""><span class=""vlist-t""><span class=""vlist-r""><span class=""vlist"" style=""height: 0.8141em;""><span class="""" style=""top: -3.063em; margin-right: 0.05em;""><span class=""pstrut"" style=""height: 2.7em;""></span><span class=""katex-sizing reset-size6 size3 mtight""><span class=""mord mtight"">2</span></span></span></span></span></span></span></span><span class=""mspace"" style=""margin-right: 0.2222em;""></span><span class=""mbin"">+</span><span class=""mspace"" style=""margin-right: 0.2222em;""></span></span><span class=""katex-base""><span class=""katex-strut"" style=""height: 1em; vertical-align: -0.25em;""></span><span style=""margin-right: 0.1076em;"" class=""mord mathnormal"">f</span><span class=""mopen"">(</span><span class=""mord mathnormal"">m</span><span class=""mclose"">)</span><span style=""margin-right: 0.1076em;"" class=""mord mathnormal"">f</span><span class=""mopen"">(</span><span class=""mord mathnormal"">n</span><span class=""mclose"">)</span></span></span></span></span> is divisible by <span><span class=""katex""><span class=""katex-mathml""><math xmlns=""http://www.w3.org/1998/Math/MathML""><semantics><mrow><mi>f</mi><mo stretchy=""false"">(</mo><mi>m</mi><mo stretchy=""false"">)</mo><mo>+</mo><mi>n</mi></mrow><annotation encoding=""application/x-tex"">f(m) + n</annotation></semantics></math></span><span class=""katex-html"" aria-hidden=""true""><span class=""katex-base""><span class=""katex-strut"" style=""height: 1em; vertical-align: -0.25em;""></span><span style=""margin-right: 0.1076em;"" class=""mord mathnormal"">f</span><span class=""mopen"">(</span><span class=""mord mathnormal"">m</span><span class=""mclose"">)</span><span class=""mspace"" style=""margin-right: 0.2222em;""></span><span class=""mbin"">+</span><span class=""mspace"" style=""margin-right: 0.2222em;""></span></span><span class=""katex-base""><span class=""katex-strut"" style=""height: 0.4306em;""></span><span class=""mord mathnormal"">n</span></span></span></span></span>, <span><span class=""katex""><span class=""katex-mathml""><math xmlns=""http://www.w3.org/1998/Math/MathML""><semantics><mrow><mi mathvariant=""normal"">∀</mi><mi>m</mi><mo separator=""true"">,</mo><mi>n</mi><mo>∈</mo><msup><mi mathvariant=""double-struck"">Z</mi><mo>+</mo></msup></mrow><annotation encoding=""application/x-tex"">\forall m, n \in \mathbb{Z}^+</annotation></semantics></math></span><span class=""katex-html"" aria-hidden=""true""><span class=""katex-base""><span class=""katex-strut"" style=""height: 0.8889em; vertical-align: -0.1944em;""></span><span class=""mord"">∀</span><span class=""mord mathnormal"">m</span><span class=""mpunct"">,</span><span class=""mspace"" style=""margin-right: 0.1667em;""></span><span class=""mord mathnormal"">n</span><span class=""mspace"" style=""margin-right: 0.2778em;""></span><span class=""mrel"">∈</span><span class=""mspace"" style=""margin-right: 0.2778em;""></span></span><span class=""katex-base""><span class=""katex-strut"" style=""height: 0.7713em;""></span><span class=""mord""><span class=""mord mathbb"">Z</span><span class=""msupsub""><span class=""vlist-t""><span class=""vlist-r""><span class=""vlist"" style=""height: 0.7713em;""><span class="""" style=""top: -3.063em; margin-right: 0.05em;""><span class=""pstrut"" style=""height: 2.7em;""></span><span class=""katex-sizing reset-size6 size3 mtight""><span class=""mbin mtight"">+</span></span></span></span></span></span></span></span></span></span></span></span>. What is the minimum value of <span><span class=""katex""><span class=""katex-mathml""><math xmlns=""http://www.w3.org/1998/Math/MathML""><semantics><mrow><mi>f</mi><mo stretchy=""false"">(</mo><mn>100</mn><mo stretchy=""false"">)</mo></mrow><annotation encoding=""application/x-tex"">f(100)</annotation></semantics></math></span><span class=""katex-html"" aria-hidden=""true""><span class=""katex-base""><span class=""katex-strut"" style=""height: 1em; vertical-align: -0.25em;""></span><span style=""margin-right: 0.1076em;"" class=""mord mathnormal"">f</span><span class=""mopen"">(</span><span class=""mord"">100</span><span class=""mclose"">)</span></span></span></span></span> where <span><span class=""katex""><span class=""katex-mathml""><math xmlns=""http://www.w3.org/1998/Math/MathML""><semantics><mrow><mi>f</mi><mo>∈</mo><mi mathvariant=""script"">F</mi></mrow><annotation encoding=""application/x-tex"">f \in \mathcal{F}</annotation></semantics></math></span><span class=""katex-html"" aria-hidden=""true""><span class=""katex-base""><span class=""katex-strut"" style=""height: 0.8889em; vertical-align: -0.1944em;""></span><span style=""margin-right: 0.1076em;"" class=""mord mathnormal"">f</span><span class=""mspace"" style=""margin-right: 0.2778em;""></span><span class=""mrel"">∈</span><span class=""mspace"" style=""margin-right: 0.2778em;""></span></span><span class=""katex-base""><span class=""katex-strut"" style=""height: 0.6833em;""></span><span style=""margin-right: 0.0993em;"" class=""mord mathcal"">F</span></span></span></span></span>?"
e7f3a710-5bc9-46d4-9615-6e3d5aa8d8ac,"Pranjal is given the following arrangement of circles:<br><br>[FIGURE — triangular arrangement of 9 circles, needs image_path]<br><br>He has to put each number in the set \(\{1, 2, \ldots, 9\}\) into one of these circles. (Each circle contains exactly 1 of the numbers). Further he has to make sure that,<br>(i) the sums of the four numbers on each side of the triangle are equal;<br>(ii) the sums of squares of the four numbers on each side of the triangle are equal.<br><br>How many possible ways can Pranjal do so?",null,"SRMC 2025, Prelims",{},2026-07-26 15:30:08.412295+00,null,1.24 — Puzzle or Proof?!,"Pranjal is given the following arrangement of circles:<br><br>[FIGURE — triangular arrangement of 9 circles, needs image_path]<br><br>He has to put each number in the set <span><span class=""katex""><span class=""katex-mathml""><math xmlns=""http://www.w3.org/1998/Math/MathML""><semantics><mrow><mo stretchy=""false"">{</mo><mn>1</mn><mo separator=""true"">,</mo><mn>2</mn><mo separator=""true"">,</mo><mo>…</mo><mo separator=""true"">,</mo><mn>9</mn><mo stretchy=""false"">}</mo></mrow><annotation encoding=""application/x-tex"">\{1, 2, \ldots, 9\}</annotation></semantics></math></span><span class=""katex-html"" aria-hidden=""true""><span class=""katex-base""><span class=""katex-strut"" style=""height: 1em; vertical-align: -0.25em;""></span><span class=""mopen"">{</span><span class=""mord"">1</span><span class=""mpunct"">,</span><span class=""mspace"" style=""margin-right: 0.1667em;""></span><span class=""mord"">2</span><span class=""mpunct"">,</span><span class=""mspace"" style=""margin-right: 0.1667em;""></span><span class=""minner"">…</span><span class=""mspace"" style=""margin-right: 0.1667em;""></span><span class=""mpunct"">,</span><span class=""mspace"" style=""margin-right: 0.1667em;""></span><span class=""mord"">9</span><span class=""mclose"">}</span></span></span></span></span> into one of these circles. (Each circle contains exactly 1 of the numbers). Further he has to make sure that,<br>(i) the sums of the four numbers on each side of the triangle are equal;<br>(ii) the sums of squares of the four numbers on each side of the triangle are equal.<br><br>How many possible ways can Pranjal do so?"
4678e3ea-9a3d-42a8-b0cb-d3743b9dafef,"Navin was playing around with algebraic bounds and he came up with the following expression where \(x, y, z \in \mathbb{R}^+\):
\[\frac{6(x^2 + 2y^2 + 3z^2)}{6x^2 - 4xy + 14y^2 + 15z^2} + \frac{2(x^2+2y^2+3z^2)^2}{x^4+x^2-4xy+4y^2+4y^4+9z^4+4x^2y^2+6x^2z^2+12y^2z^2}\]
If \(M\) is the maximum value of the expression, then find \(5M\).",null,"SRMC 2025, Prelims",{},2026-07-26 15:30:08.449998+00,null,"1.25 — Homogenous Expression, Maximization","Navin was playing around with algebraic bounds and he came up with the following expression where <span><span class=""katex""><span class=""katex-mathml""><math xmlns=""http://www.w3.org/1998/Math/MathML""><semantics><mrow><mi>x</mi><mo separator=""true"">,</mo><mi>y</mi><mo separator=""true"">,</mo><mi>z</mi><mo>∈</mo><msup><mi mathvariant=""double-struck"">R</mi><mo>+</mo></msup></mrow><annotation encoding=""application/x-tex"">x, y, z \in \mathbb{R}^+</annotation></semantics></math></span><span class=""katex-html"" aria-hidden=""true""><span class=""katex-base""><span class=""katex-strut"" style=""height: 0.7335em; vertical-align: -0.1944em;""></span><span class=""mord mathnormal"">x</span><span class=""mpunct"">,</span><span class=""mspace"" style=""margin-right: 0.1667em;""></span><span style=""margin-right: 0.0359em;"" class=""mord mathnormal"">y</span><span class=""mpunct"">,</span><span class=""mspace"" style=""margin-right: 0.1667em;""></span><span style=""margin-right: 0.044em;"" class=""mord mathnormal"">z</span><span class=""mspace"" style=""margin-right: 0.2778em;""></span><span class=""mrel"">∈</span><span class=""mspace"" style=""margin-right: 0.2778em;""></span></span><span class=""katex-base""><span class=""katex-strut"" style=""height: 0.7713em;""></span><span class=""mord""><span class=""mord mathbb"">R</span><span class=""msupsub""><span class=""vlist-t""><span class=""vlist-r""><span class=""vlist"" style=""height: 0.7713em;""><span class="""" style=""top: -3.063em; margin-right: 0.05em;""><span class=""pstrut"" style=""height: 2.7em;""></span><span class=""katex-sizing reset-size6 size3 mtight""><span class=""mbin mtight"">+</span></span></span></span></span></span></span></span></span></span></span></span>:
<span><span class=""katex-display""><span class=""katex""><span class=""katex-mathml""><math xmlns=""http://www.w3.org/1998/Math/MathML"" display=""block""><semantics><mrow><mfrac><mrow><mn>6</mn><mo stretchy=""false"">(</mo><msup><mi>x</mi><mn>2</mn></msup><mo>+</mo><mn>2</mn><msup><mi>y</mi><mn>2</mn></msup><mo>+</mo><mn>3</mn><msup><mi>z</mi><mn>2</mn></msup><mo stretchy=""false"">)</mo></mrow><mrow><mn>6</mn><msup><mi>x</mi><mn>2</mn></msup><mo>−</mo><mn>4</mn><mi>x</mi><mi>y</mi><mo>+</mo><mn>14</mn><msup><mi>y</mi><mn>2</mn></msup><mo>+</mo><mn>15</mn><msup><mi>z</mi><mn>2</mn></msup></mrow></mfrac><mo>+</mo><mfrac><mrow><mn>2</mn><mo stretchy=""false"">(</mo><msup><mi>x</mi><mn>2</mn></msup><mo>+</mo><mn>2</mn><msup><mi>y</mi><mn>2</mn></msup><mo>+</mo><mn>3</mn><msup><mi>z</mi><mn>2</mn></msup><msup><mo stretchy=""false"">)</mo><mn>2</mn></msup></mrow><mrow><msup><mi>x</mi><mn>4</mn></msup><mo>+</mo><msup><mi>x</mi><mn>2</mn></msup><mo>−</mo><mn>4</mn><mi>x</mi><mi>y</mi><mo>+</mo><mn>4</mn><msup><mi>y</mi><mn>2</mn></msup><mo>+</mo><mn>4</mn><msup><mi>y</mi><mn>4</mn></msup><mo>+</mo><mn>9</mn><msup><mi>z</mi><mn>4</mn></msup><mo>+</mo><mn>4</mn><msup><mi>x</mi><mn>2</mn></msup><msup><mi>y</mi><mn>2</mn></msup><mo>+</mo><mn>6</mn><msup><mi>x</mi><mn>2</mn></msup><msup><mi>z</mi><mn>2</mn></msup><mo>+</mo><mn>12</mn><msup><mi>y</mi><mn>2</mn></msup><msup><mi>z</mi><mn>2</mn></msup></mrow></mfrac></mrow><annotation encoding=""application/x-tex"">\frac{6(x^2 + 2y^2 + 3z^2)}{6x^2 - 4xy + 14y^2 + 15z^2} + \frac{2(x^2+2y^2+3z^2)^2}{x^4+x^2-4xy+4y^2+4y^4+9z^4+4x^2y^2+6x^2z^2+12y^2z^2}</annotation></semantics></math></span><span class=""katex-html"" aria-hidden=""true""><span class=""katex-base""><span class=""katex-strut"" style=""height: 2.3715em; vertical-align: -0.8804em;""></span><span class=""mord""><span class=""mopen nulldelimiter""></span><span class=""mfrac""><span class=""vlist-t vlist-t2""><span class=""vlist-r""><span class=""vlist"" style=""height: 1.4911em;""><span class="""" style=""top: -2.314em;""><span class=""pstrut"" style=""height: 3em;""></span><span class=""mord""><span class=""mord"">6</span><span class=""mord""><span class=""mord mathnormal"">x</span><span class=""msupsub""><span class=""vlist-t""><span class=""vlist-r""><span class=""vlist"" style=""height: 0.7401em;""><span class="""" style=""top: -2.989em; margin-right: 0.05em;""><span class=""pstrut"" style=""height: 2.7em;""></span><span class=""katex-sizing reset-size6 size3 mtight""><span class=""mord mtight"">2</span></span></span></span></span></span></span></span><span class=""mspace"" style=""margin-right: 0.2222em;""></span><span class=""mbin"">−</span><span class=""mspace"" style=""margin-right: 0.2222em;""></span><span class=""mord"">4</span><span class=""mord mathnormal"">x</span><span style=""margin-right: 0.0359em;"" class=""mord mathnormal"">y</span><span class=""mspace"" style=""margin-right: 0.2222em;""></span><span class=""mbin"">+</span><span class=""mspace"" style=""margin-right: 0.2222em;""></span><span class=""mord"">14</span><span class=""mord""><span style=""margin-right: 0.0359em;"" class=""mord mathnormal"">y</span><span class=""msupsub""><span class=""vlist-t""><span class=""vlist-r""><span class=""vlist"" style=""height: 0.7401em;""><span class="""" style=""top: -2.989em; margin-right: 0.05em;""><span class=""pstrut"" style=""height: 2.7em;""></span><span class=""katex-sizing reset-size6 size3 mtight""><span class=""mord mtight"">2</span></span></span></span></span></span></span></span><span class=""mspace"" style=""margin-right: 0.2222em;""></span><span class=""mbin"">+</span><span class=""mspace"" style=""margin-right: 0.2222em;""></span><span class=""mord"">15</span><span class=""mord""><span style=""margin-right: 0.044em;"" class=""mord mathnormal"">z</span><span class=""msupsub""><span class=""vlist-t""><span class=""vlist-r""><span class=""vlist"" style=""height: 0.7401em;""><span class="""" style=""top: -2.989em; margin-right: 0.05em;""><span class=""pstrut"" style=""height: 2.7em;""></span><span class=""katex-sizing reset-size6 size3 mtight""><span class=""mord mtight"">2</span></span></span></span></span></span></span></span></span></span><span class="""" style=""top: -3.23em;""><span class=""pstrut"" style=""height: 3em;""></span><span class=""frac-line"" style=""border-bottom-width: 0.04em;""></span></span><span class="""" style=""top: -3.677em;""><span class=""pstrut"" style=""height: 3em;""></span><span class=""mord""><span class=""mord"">6</span><span class=""mopen"">(</span><span class=""mord""><span class=""mord mathnormal"">x</span><span class=""msupsub""><span class=""vlist-t""><span class=""vlist-r""><span class=""vlist"" style=""height: 0.8141em;""><span class="""" style=""top: -3.063em; margin-right: 0.05em;""><span class=""pstrut"" style=""height: 2.7em;""></span><span class=""katex-sizing reset-size6 size3 mtight""><span class=""mord mtight"">2</span></span></span></span></span></span></span></span><span class=""mspace"" style=""margin-right: 0.2222em;""></span><span class=""mbin"">+</span><span class=""mspace"" style=""margin-right: 0.2222em;""></span><span class=""mord"">2</span><span class=""mord""><span style=""margin-right: 0.0359em;"" class=""mord mathnormal"">y</span><span class=""msupsub""><span class=""vlist-t""><span class=""vlist-r""><span class=""vlist"" style=""height: 0.8141em;""><span class="""" style=""top: -3.063em; margin-right: 0.05em;""><span class=""pstrut"" style=""height: 2.7em;""></span><span class=""katex-sizing reset-size6 size3 mtight""><span class=""mord mtight"">2</span></span></span></span></span></span></span></span><span class=""mspace"" style=""margin-right: 0.2222em;""></span><span class=""mbin"">+</span><span class=""mspace"" style=""margin-right: 0.2222em;""></span><span class=""mord"">3</span><span class=""mord""><span style=""margin-right: 0.044em;"" class=""mord mathnormal"">z</span><span class=""msupsub""><span class=""vlist-t""><span class=""vlist-r""><span class=""vlist"" style=""height: 0.8141em;""><span class="""" style=""top: -3.063em; margin-right: 0.05em;""><span class=""pstrut"" style=""height: 2.7em;""></span><span class=""katex-sizing reset-size6 size3 mtight""><span class=""mord mtight"">2</span></span></span></span></span></span></span></span><span class=""mclose"">)</span></span></span></span><span class=""vlist-s"">​</span></span><span class=""vlist-r""><span class=""vlist"" style=""height: 0.8804em;""><span class=""""></span></span></span></span></span><span class=""mclose nulldelimiter""></span></span><span class=""mspace"" style=""margin-right: 0.2222em;""></span><span class=""mbin"">+</span><span class=""mspace"" style=""margin-right: 0.2222em;""></span></span><span class=""katex-base""><span class=""katex-strut"" style=""height: 2.3715em; vertical-align: -0.8804em;""></span><span class=""mord""><span class=""mopen nulldelimiter""></span><span class=""mfrac""><span class=""vlist-t vlist-t2""><span class=""vlist-r""><span class=""vlist"" style=""height: 1.4911em;""><span class="""" style=""top: -2.314em;""><span class=""pstrut"" style=""height: 3em;""></span><span class=""mord""><span class=""mord""><span class=""mord mathnormal"">x</span><span class=""msupsub""><span class=""vlist-t""><span class=""vlist-r""><span class=""vlist"" style=""height: 0.7401em;""><span class="""" style=""top: -2.989em; margin-right: 0.05em;""><span class=""pstrut"" style=""height: 2.7em;""></span><span class=""katex-sizing reset-size6 size3 mtight""><span class=""mord mtight"">4</span></span></span></span></span></span></span></span><span class=""mspace"" style=""margin-right: 0.2222em;""></span><span class=""mbin"">+</span><span class=""mspace"" style=""margin-right: 0.2222em;""></span><span class=""mord""><span class=""mord mathnormal"">x</span><span class=""msupsub""><span class=""vlist-t""><span class=""vlist-r""><span class=""vlist"" style=""height: 0.7401em;""><span class="""" style=""top: -2.989em; margin-right: 0.05em;""><span class=""pstrut"" style=""height: 2.7em;""></span><span class=""katex-sizing reset-size6 size3 mtight""><span class=""mord mtight"">2</span></span></span></span></span></span></span></span><span class=""mspace"" style=""margin-right: 0.2222em;""></span><span class=""mbin"">−</span><span class=""mspace"" style=""margin-right: 0.2222em;""></span><span class=""mord"">4</span><span class=""mord mathnormal"">x</span><span style=""margin-right: 0.0359em;"" class=""mord mathnormal"">y</span><span class=""mspace"" style=""margin-right: 0.2222em;""></span><span class=""mbin"">+</span><span class=""mspace"" style=""margin-right: 0.2222em;""></span><span class=""mord"">4</span><span class=""mord""><span style=""margin-right: 0.0359em;"" class=""mord mathnormal"">y</span><span class=""msupsub""><span class=""vlist-t""><span class=""vlist-r""><span class=""vlist"" style=""height: 0.7401em;""><span class="""" style=""top: -2.989em; margin-right: 0.05em;""><span class=""pstrut"" style=""height: 2.7em;""></span><span class=""katex-sizing reset-size6 size3 mtight""><span class=""mord mtight"">2</span></span></span></span></span></span></span></span><span class=""mspace"" style=""margin-right: 0.2222em;""></span><span class=""mbin"">+</span><span class=""mspace"" style=""margin-right: 0.2222em;""></span><span class=""mord"">4</span><span class=""mord""><span style=""margin-right: 0.0359em;"" class=""mord mathnormal"">y</span><span class=""msupsub""><span class=""vlist-t""><span class=""vlist-r""><span class=""vlist"" style=""height: 0.7401em;""><span class="""" style=""top: -2.989em; margin-right: 0.05em;""><span class=""pstrut"" style=""height: 2.7em;""></span><span class=""katex-sizing reset-size6 size3 mtight""><span class=""mord mtight"">4</span></span></span></span></span></span></span></span><span class=""mspace"" style=""margin-right: 0.2222em;""></span><span class=""mbin"">+</span><span class=""mspace"" style=""margin-right: 0.2222em;""></span><span class=""mord"">9</span><span class=""mord""><span style=""margin-right: 0.044em;"" class=""mord mathnormal"">z</span><span class=""msupsub""><span class=""vlist-t""><span class=""vlist-r""><span class=""vlist"" style=""height: 0.7401em;""><span class="""" style=""top: -2.989em; margin-right: 0.05em;""><span class=""pstrut"" style=""height: 2.7em;""></span><span class=""katex-sizing reset-size6 size3 mtight""><span class=""mord mtight"">4</span></span></span></span></span></span></span></span><span class=""mspace"" style=""margin-right: 0.2222em;""></span><span class=""mbin"">+</span><span class=""mspace"" style=""margin-right: 0.2222em;""></span><span class=""mord"">4</span><span class=""mord""><span class=""mord mathnormal"">x</span><span class=""msupsub""><span class=""vlist-t""><span class=""vlist-r""><span class=""vlist"" style=""height: 0.7401em;""><span class="""" style=""top: -2.989em; margin-right: 0.05em;""><span class=""pstrut"" style=""height: 2.7em;""></span><span class=""katex-sizing reset-size6 size3 mtight""><span class=""mord mtight"">2</span></span></span></span></span></span></span></span><span class=""mord""><span style=""margin-right: 0.0359em;"" class=""mord mathnormal"">y</span><span class=""msupsub""><span class=""vlist-t""><span class=""vlist-r""><span class=""vlist"" style=""height: 0.7401em;""><span class="""" style=""top: -2.989em; margin-right: 0.05em;""><span class=""pstrut"" style=""height: 2.7em;""></span><span class=""katex-sizing reset-size6 size3 mtight""><span class=""mord mtight"">2</span></span></span></span></span></span></span></span><span class=""mspace"" style=""margin-right: 0.2222em;""></span><span class=""mbin"">+</span><span class=""mspace"" style=""margin-right: 0.2222em;""></span><span class=""mord"">6</span><span class=""mord""><span class=""mord mathnormal"">x</span><span class=""msupsub""><span class=""vlist-t""><span class=""vlist-r""><span class=""vlist"" style=""height: 0.7401em;""><span class="""" style=""top: -2.989em; margin-right: 0.05em;""><span class=""pstrut"" style=""height: 2.7em;""></span><span class=""katex-sizing reset-size6 size3 mtight""><span class=""mord mtight"">2</span></span></span></span></span></span></span></span><span class=""mord""><span style=""margin-right: 0.044em;"" class=""mord mathnormal"">z</span><span class=""msupsub""><span class=""vlist-t""><span class=""vlist-r""><span class=""vlist"" style=""height: 0.7401em;""><span class="""" style=""top: -2.989em; margin-right: 0.05em;""><span class=""pstrut"" style=""height: 2.7em;""></span><span class=""katex-sizing reset-size6 size3 mtight""><span class=""mord mtight"">2</span></span></span></span></span></span></span></span><span class=""mspace"" style=""margin-right: 0.2222em;""></span><span class=""mbin"">+</span><span class=""mspace"" style=""margin-right: 0.2222em;""></span><span class=""mord"">12</span><span class=""mord""><span style=""margin-right: 0.0359em;"" class=""mord mathnormal"">y</span><span class=""msupsub""><span class=""vlist-t""><span class=""vlist-r""><span class=""vlist"" style=""height: 0.7401em;""><span class="""" style=""top: -2.989em; margin-right: 0.05em;""><span class=""pstrut"" style=""height: 2.7em;""></span><span class=""katex-sizing reset-size6 size3 mtight""><span class=""mord mtight"">2</span></span></span></span></span></span></span></span><span class=""mord""><span style=""margin-right: 0.044em;"" class=""mord mathnormal"">z</span><span class=""msupsub""><span class=""vlist-t""><span class=""vlist-r""><span class=""vlist"" style=""height: 0.7401em;""><span class="""" style=""top: -2.989em; margin-right: 0.05em;""><span class=""pstrut"" style=""height: 2.7em;""></span><span class=""katex-sizing reset-size6 size3 mtight""><span class=""mord mtight"">2</span></span></span></span></span></span></span></span></span></span><span class="""" style=""top: -3.23em;""><span class=""pstrut"" style=""height: 3em;""></span><span class=""frac-line"" style=""border-bottom-width: 0.04em;""></span></span><span class="""" style=""top: -3.677em;""><span class=""pstrut"" style=""height: 3em;""></span><span class=""mord""><span class=""mord"">2</span><span class=""mopen"">(</span><span class=""mord""><span class=""mord mathnormal"">x</span><span class=""msupsub""><span class=""vlist-t""><span class=""vlist-r""><span class=""vlist"" style=""height: 0.8141em;""><span class="""" style=""top: -3.063em; margin-right: 0.05em;""><span class=""pstrut"" style=""height: 2.7em;""></span><span class=""katex-sizing reset-size6 size3 mtight""><span class=""mord mtight"">2</span></span></span></span></span></span></span></span><span class=""mspace"" style=""margin-right: 0.2222em;""></span><span class=""mbin"">+</span><span class=""mspace"" style=""margin-right: 0.2222em;""></span><span class=""mord"">2</span><span class=""mord""><span style=""margin-right: 0.0359em;"" class=""mord mathnormal"">y</span><span class=""msupsub""><span class=""vlist-t""><span class=""vlist-r""><span class=""vlist"" style=""height: 0.8141em;""><span class="""" style=""top: -3.063em; margin-right: 0.05em;""><span class=""pstrut"" style=""height: 2.7em;""></span><span class=""katex-sizing reset-size6 size3 mtight""><span class=""mord mtight"">2</span></span></span></span></span></span></span></span><span class=""mspace"" style=""margin-right: 0.2222em;""></span><span class=""mbin"">+</span><span class=""mspace"" style=""margin-right: 0.2222em;""></span><span class=""mord"">3</span><span class=""mord""><span style=""margin-right: 0.044em;"" class=""mord mathnormal"">z</span><span class=""msupsub""><span class=""vlist-t""><span class=""vlist-r""><span class=""vlist"" style=""height: 0.8141em;""><span class="""" style=""top: -3.063em; margin-right: 0.05em;""><span class=""pstrut"" style=""height: 2.7em;""></span><span class=""katex-sizing reset-size6 size3 mtight""><span class=""mord mtight"">2</span></span></span></span></span></span></span></span><span class=""mclose""><span class=""mclose"">)</span><span class=""msupsub""><span class=""vlist-t""><span class=""vlist-r""><span class=""vlist"" style=""height: 0.8141em;""><span class="""" style=""top: -3.063em; margin-right: 0.05em;""><span class=""pstrut"" style=""height: 2.7em;""></span><span class=""katex-sizing reset-size6 size3 mtight""><span class=""mord mtight"">2</span></span></span></span></span></span></span></span></span></span></span><span class=""vlist-s"">​</span></span><span class=""vlist-r""><span class=""vlist"" style=""height: 0.8804em;""><span class=""""></span></span></span></span></span><span class=""mclose nulldelimiter""></span></span></span></span></span></span></span>
If <span><span class=""katex""><span class=""katex-mathml""><math xmlns=""http://www.w3.org/1998/Math/MathML""><semantics><mrow><mi>M</mi></mrow><annotation encoding=""application/x-tex"">M</annotation></semantics></math></span><span class=""katex-html"" aria-hidden=""true""><span class=""katex-base""><span class=""katex-strut"" style=""height: 0.6833em;""></span><span style=""margin-right: 0.109em;"" class=""mord mathnormal"">M</span></span></span></span></span> is the maximum value of the expression, then find <span><span class=""katex""><span class=""katex-mathml""><math xmlns=""http://www.w3.org/1998/Math/MathML""><semantics><mrow><mn>5</mn><mi>M</mi></mrow><annotation encoding=""application/x-tex"">5M</annotation></semantics></math></span><span class=""katex-html"" aria-hidden=""true""><span class=""katex-base""><span class=""katex-strut"" style=""height: 0.6833em;""></span><span class=""mord"">5</span><span style=""margin-right: 0.109em;"" class=""mord mathnormal"">M</span></span></span></span></span>."
3b251181-3793-45a7-a112-1c0a77b4466d,"Rhythm has thought of \(n\) distinct numbers. He claims that for any pair of these numbers you pick, either their sum or their difference (or possibly both) will always result in a positive integral power of 2. What is the maximum number of integers he may have thought of?",null,"SRMC 2025, Prelims",{},2026-07-26 15:30:08.480469+00,null,1.26 — Two to the Power,"Rhythm has thought of <span><span class=""katex""><span class=""katex-mathml""><math xmlns=""http://www.w3.org/1998/Math/MathML""><semantics><mrow><mi>n</mi></mrow><annotation encoding=""application/x-tex"">n</annotation></semantics></math></span><span class=""katex-html"" aria-hidden=""true""><span class=""katex-base""><span class=""katex-strut"" style=""height: 0.4306em;""></span><span class=""mord mathnormal"">n</span></span></span></span></span> distinct numbers. He claims that for any pair of these numbers you pick, either their sum or their difference (or possibly both) will always result in a positive integral power of 2. What is the maximum number of integers he may have thought of?"
9723f1ec-2992-4dac-a967-4d6b7567a278,"In an ancient ruin, Rhythm finds a triangle with angles 36°, 18°, and 126°. Besides the triangle lies a stone saying<br><br>&ldquo;The key to unlocking the secrets of the ruin lies in the reflections of this points&rdquo;.<br><br>He thinks of an interesting activity to get the key. He selects two of these points, and draws a perpendicular bisector to the segment connecting them, and then reflects the third point relative to this perpendicular bisector to obtain a fourth point D. Rhythm continues to repeat the same procedure with the resulting set of points after each operation: selects 2 points, draws a perpendicular bisector, and all points are reflected relative to it.<br><br>What is the greatest number of different points Rhythm can obtain as result of multiple repetitions of this procedure?",null,"SRMC 2025, Prelims",{},2026-07-26 15:30:08.507145+00,null,1.27 — The Ruin's Geometric Challenge,"In an ancient ruin, Rhythm finds a triangle with angles 36°, 18°, and 126°. Besides the triangle lies a stone saying<br><br>“The key to unlocking the secrets of the ruin lies in the reflections of this points”.<br><br>He thinks of an interesting activity to get the key. He selects two of these points, and draws a perpendicular bisector to the segment connecting them, and then reflects the third point relative to this perpendicular bisector to obtain a fourth point D. Rhythm continues to repeat the same procedure with the resulting set of points after each operation: selects 2 points, draws a perpendicular bisector, and all points are reflected relative to it.<br><br>What is the greatest number of different points Rhythm can obtain as result of multiple repetitions of this procedure?"
fb73f710-fa31-42ae-844c-d824b380e2e2,"You have a square shaped wireframe grid, an \(n \times n\) arrangement of points (nodes) connected by rigid straight rods along horizontal and vertical lines. The structure lies flat on a table initially and has no faces, only edges and joints — like a sieve or a mesh of rods. Each rod is rigid and cannot be bent, but a rod can bend w.r.t its node by an angle of maximum \(\frac{\pi}{8}\) before it breaks.<br><br>Your goal is to bend the mesh upon itself in such a way that at least 2 distinct nodes overlap (kind of like a cylindrical roll). Find the minimum value of \(n\) which allows you to do so.",null,"SRMC 2025, Prelims",{},2026-07-26 15:30:08.537953+00,null,1.28 — Wrapping up,"You have a square shaped wireframe grid, an <span><span class=""katex""><span class=""katex-mathml""><math xmlns=""http://www.w3.org/1998/Math/MathML""><semantics><mrow><mi>n</mi><mo>×</mo><mi>n</mi></mrow><annotation encoding=""application/x-tex"">n \times n</annotation></semantics></math></span><span class=""katex-html"" aria-hidden=""true""><span class=""katex-base""><span class=""katex-strut"" style=""height: 0.6667em; vertical-align: -0.0833em;""></span><span class=""mord mathnormal"">n</span><span class=""mspace"" style=""margin-right: 0.2222em;""></span><span class=""mbin"">×</span><span class=""mspace"" style=""margin-right: 0.2222em;""></span></span><span class=""katex-base""><span class=""katex-strut"" style=""height: 0.4306em;""></span><span class=""mord mathnormal"">n</span></span></span></span></span> arrangement of points (nodes) connected by rigid straight rods along horizontal and vertical lines. The structure lies flat on a table initially and has no faces, only edges and joints — like a sieve or a mesh of rods. Each rod is rigid and cannot be bent, but a rod can bend w.r.t its node by an angle of maximum <span><span class=""katex""><span class=""katex-mathml""><math xmlns=""http://www.w3.org/1998/Math/MathML""><semantics><mrow><mfrac><mi>π</mi><mn>8</mn></mfrac></mrow><annotation encoding=""application/x-tex"">\frac{\pi}{8}</annotation></semantics></math></span><span class=""katex-html"" aria-hidden=""true""><span class=""katex-base""><span class=""katex-strut"" style=""height: 1.0404em; vertical-align: -0.345em;""></span><span class=""mord""><span class=""mopen nulldelimiter""></span><span class=""mfrac""><span class=""vlist-t vlist-t2""><span class=""vlist-r""><span class=""vlist"" style=""height: 0.6954em;""><span class="""" style=""top: -2.655em;""><span class=""pstrut"" style=""height: 3em;""></span><span class=""katex-sizing reset-size6 size3 mtight""><span class=""mord mtight""><span class=""mord mtight"">8</span></span></span></span><span class="""" style=""top: -3.23em;""><span class=""pstrut"" style=""height: 3em;""></span><span class=""frac-line"" style=""border-bottom-width: 0.04em;""></span></span><span class="""" style=""top: -3.394em;""><span class=""pstrut"" style=""height: 3em;""></span><span class=""katex-sizing reset-size6 size3 mtight""><span class=""mord mtight""><span style=""margin-right: 0.0359em;"" class=""mord mathnormal mtight"">π</span></span></span></span></span><span class=""vlist-s"">​</span></span><span class=""vlist-r""><span class=""vlist"" style=""height: 0.345em;""><span class=""""></span></span></span></span></span><span class=""mclose nulldelimiter""></span></span></span></span></span></span> before it breaks.<br><br>Your goal is to bend the mesh upon itself in such a way that at least 2 distinct nodes overlap (kind of like a cylindrical roll). Find the minimum value of <span><span class=""katex""><span class=""katex-mathml""><math xmlns=""http://www.w3.org/1998/Math/MathML""><semantics><mrow><mi>n</mi></mrow><annotation encoding=""application/x-tex"">n</annotation></semantics></math></span><span class=""katex-html"" aria-hidden=""true""><span class=""katex-base""><span class=""katex-strut"" style=""height: 0.4306em;""></span><span class=""mord mathnormal"">n</span></span></span></span></span> which allows you to do so."
efbe339a-afcc-4751-b44b-24cacf3b2f73,"Aryan and his friend Yash are attempting to solve a puzzle, when they start thinking about the number of ways to complete the puzzle. Given below are the pieces of the puzzle.<br><br>[FIGURE — 4 puzzle piece shapes, needs image_path]<br><br>Given that there are 8 pieces of the first kind, 9 of the second kind, 10 of the 3rd kind and 11 of the 4th kind, find the number of ways that they can assemble the pieces to finish the puzzle. A puzzle is called complete if all the elements are used and adjacent pieces fit into each other perfectly. Note that all pieces of the same type are indistinguishable from each other and that you cannot rotate the elements. Also note that a solution from left to right is not the same as its reverse from right to left. They must be counted separately.<br><br>Please enter the maximum value of \(k\), where \(2^k\) divides the number of ways of completing the puzzle.",null,"SRMC 2025, Prelims",{},2026-07-26 15:30:08.567447+00,null,1.29 — Another Puzzle,"Aryan and his friend Yash are attempting to solve a puzzle, when they start thinking about the number of ways to complete the puzzle. Given below are the pieces of the puzzle.<br><br>[FIGURE — 4 puzzle piece shapes, needs image_path]<br><br>Given that there are 8 pieces of the first kind, 9 of the second kind, 10 of the 3rd kind and 11 of the 4th kind, find the number of ways that they can assemble the pieces to finish the puzzle. A puzzle is called complete if all the elements are used and adjacent pieces fit into each other perfectly. Note that all pieces of the same type are indistinguishable from each other and that you cannot rotate the elements. Also note that a solution from left to right is not the same as its reverse from right to left. They must be counted separately.<br><br>Please enter the maximum value of <span><span class=""katex""><span class=""katex-mathml""><math xmlns=""http://www.w3.org/1998/Math/MathML""><semantics><mrow><mi>k</mi></mrow><annotation encoding=""application/x-tex"">k</annotation></semantics></math></span><span class=""katex-html"" aria-hidden=""true""><span class=""katex-base""><span class=""katex-strut"" style=""height: 0.6944em;""></span><span style=""margin-right: 0.0315em;"" class=""mord mathnormal"">k</span></span></span></span></span>, where <span><span class=""katex""><span class=""katex-mathml""><math xmlns=""http://www.w3.org/1998/Math/MathML""><semantics><mrow><msup><mn>2</mn><mi>k</mi></msup></mrow><annotation encoding=""application/x-tex"">2^k</annotation></semantics></math></span><span class=""katex-html"" aria-hidden=""true""><span class=""katex-base""><span class=""katex-strut"" style=""height: 0.8491em;""></span><span class=""mord""><span class=""mord"">2</span><span class=""msupsub""><span class=""vlist-t""><span class=""vlist-r""><span class=""vlist"" style=""height: 0.8491em;""><span class="""" style=""top: -3.063em; margin-right: 0.05em;""><span class=""pstrut"" style=""height: 2.7em;""></span><span class=""katex-sizing reset-size6 size3 mtight""><span style=""margin-right: 0.0315em;"" class=""mord mathnormal mtight"">k</span></span></span></span></span></span></span></span></span></span></span></span> divides the number of ways of completing the puzzle."
7b47b074-aab8-459c-a957-b5be8915eb20,"Aryan and Abhikalp are playing a game. Given a starting number \(n\), in each of their turns, they subtract from the <strong>current</strong> number, one of its divisors, which isn't equal to 1 or the number itself. The game ends when no move can be made, and the player whose turn it is when this happens loses. For how many values of \(n\) from 1 to 2025, does Aryan win, given that both players play optimally and Aryan plays first? Note again that they remove the divisor from the current number, and the new number post subtraction becomes the current number for the next turn.",null,"SRMC 2025, Prelims",{},2026-07-26 15:30:08.597027+00,null,1.30 — Number Game,"Aryan and Abhikalp are playing a game. Given a starting number <span><span class=""katex""><span class=""katex-mathml""><math xmlns=""http://www.w3.org/1998/Math/MathML""><semantics><mrow><mi>n</mi></mrow><annotation encoding=""application/x-tex"">n</annotation></semantics></math></span><span class=""katex-html"" aria-hidden=""true""><span class=""katex-base""><span class=""katex-strut"" style=""height: 0.4306em;""></span><span class=""mord mathnormal"">n</span></span></span></span></span>, in each of their turns, they subtract from the <strong>current</strong> number, one of its divisors, which isn't equal to 1 or the number itself. The game ends when no move can be made, and the player whose turn it is when this happens loses. For how many values of <span><span class=""katex""><span class=""katex-mathml""><math xmlns=""http://www.w3.org/1998/Math/MathML""><semantics><mrow><mi>n</mi></mrow><annotation encoding=""application/x-tex"">n</annotation></semantics></math></span><span class=""katex-html"" aria-hidden=""true""><span class=""katex-base""><span class=""katex-strut"" style=""height: 0.4306em;""></span><span class=""mord mathnormal"">n</span></span></span></span></span> from 1 to 2025, does Aryan win, given that both players play optimally and Aryan plays first? Note again that they remove the divisor from the current number, and the new number post subtraction becomes the current number for the next turn."